"","APP","PI","MC","RU"
"809",0.999875,0.9965,0.986125,0.963125
"994",0.958875,0.520125,0.94125,0.00487499999999991
"2427",0.92325,0.0996249999999995,0.948875,0.00375000000000001
"3128",0.9975,0.99875,0.98325,0.92475
"6198",0.419375,0.0814999999999999,0.0496249999999998,0.000124999999999996
"8702",0.99575,0.841625,0.826,0.115875
"9276",0.9975,0.9915,0.982125,0.790124999999999
"9767",0.0384999999999997,0.00937499999999994,0.10175,0.000125000000000008
"11173",0.836499999999999,0.918499999999999,0.308875,0.0206250000000001
"12199",0.995375,0.92675,0.984875,0.00412499999999997
"12527",0,0.00237500000000006,0.578624999999999,0.000624999999999991
"17737",0.00112499999999999,0.0115000000000001,0.1255,0.00662500000000017
"18938",0.0538750000000001,0.0364999999999999,0.000749999999999999,0.000124999999999998
"21112",0.99975,0.997,0.998875,0.991375
"22902",0.999,0.997,0.994875,0.994375
"23192",0.65175,0.780874999999999,0.970875,0.988
"23325",0.999125,0.978,0.999,0.9985
"23489",0.99925,0.576875,0.98875,0.0689999999999999
"23698",0.987875,0.98325,0.983375,0.441625000000001
"25828",0.999875,0.996125,0.99,0.95025
"26989",0.0138750000000001,0.02925,0.87325,0.000749999999999991
"27008",0.00425000000000005,0.00487499999999993,0.00112499999999996,0.00599999999999997
"27278",0.0315000000000002,0.0368749999999998,0.920125,0.0200000000000001
"28196",1,0.999,0.994125,0.995125
"29425",0.99925,0.937875,0.99475,0.860125
"29751",0.000374999999999988,0.00387500000000001,0.00512500000000001,0
"29809",0.9975,0.994875,0.995125,0.925125
"30289",0.20825,0.0224999999999998,0.535000000000001,0.00025000000000001
"30380",1,0.967,0.994125,0.57525
"30616",0.01075,0.0432499999999997,0.00224999999999994,0.000374999999999994
"32129",0.00325000000000002,0.00324999999999994,0.000875000000000021,0.00487499999999995
"32712",0.977,0.93725,0.985,0.92575
"35362",0.00375000000000001,0.0400000000000001,0.000874999999999931,0.00625000000000001
"36116",0.000624999999999982,0.00662500000000017,0.92625,0.00487499999999989
"36470",0.000624999999999961,0.00287500000000003,0.000124999999999987,0.0106249999999999
"37048",0.134125,0.19675,0.365249999999999,0.0104999999999997
"37300",0.00700000000000004,0.00237500000000005,0.591625,0.0165
"37487",0.0681249999999999,0.287499999999999,0.0219999999999999,0.436375000000001
"37597",0.860875,0.750125000000001,0.968625,0.2975
"37908",0.961375,0.402874999999999,0.988,0.0123750000000001
"38381",0.00100000000000005,0.00487499999999998,0.00550000000000002,0.00237500000000006
"39517",0.00100000000000005,0.004,0.0890000000000002,0.00037499999999999
"39726",0.997375,0.9975,0.992375,0.99875
"39913",0.00275000000000001,0.00337500000000002,0.048875,0.002875
"42281",0.0217499999999998,0.122625,0.234750000000001,0.0211250000000003
"42834",0.386125,0.284875,0.00600000000000001,0.147625
"42948",0.00200000000000001,0.044,0.0102500000000001,0.000625000000000007
"42995",0.0556250000000002,0.0243750000000001,0.467000000000001,0.00787499999999994
"44807",0.00100000000000006,0.00412499999999991,0.000250000000000016,0.00512499999999998
"45643",0.99225,0.955875,0.99625,0.988375
"46782",0.694625,0.3395,0.73525,0.0722499999999997
"47925",0.63025,0.180125,0.965125,0.0277499999999999
"48629",0.0803749999999999,0.443125000000001,0.93725,0.955125
"50639",0.999875,0.98175,0.9855,0.879125
"51245",0.0112499999999998,0.016125,0.925125,0.01675
"51827",0.894000000000001,0.600624999999999,0.996125,0.90175
"52343",0.947625,0.935375,0.98,0.889125
"53407",0.0106249999999999,0.0637500000000003,0.444374999999999,0.0195
"53457",0.00512499999999997,0.00374999999999996,0.0301249999999998,0.000624999999999954
"55512",0.00575000000000006,0.00350000000000004,0.121375,0.00300000000000003
"55621",0.99675,0.9975,0.998375,0.996875
"56187",0.00149999999999999,0.0423750000000001,0.008125,0.00100000000000004
"58030",0.926875,0.374625,0.5775,0.141000000000001
"58846",0.99975,0.964375,0.997625,0.9945
"59036",0.686125,0.57175,0.99525,0.975125
"59076",0.73975,0.829249999999999,0.176375,0.452874999999998
"61353",0.111250000000001,0.084875,0.625375000000001,0.0282500000000001
"62708",0.00949999999999996,0.0384999999999998,0.0175,0.00312500000000007
"65306",0.987,0.10775,0.993,0.0334999999999999
"66116",0.728875,0.632875000000001,0.714875,0.0401250000000001
"67754",0.002,0.00175000000000002,0.87425,0.00425000000000007
"68599",0.993,0.58175,0.91775,0.0597500000000002
"70709",0.0635000000000001,0.00899999999999996,0.351499999999999,0.00224999999999998
"72160",0.00350000000000006,0.09175,0.565875000000001,0.009125
"72657",0.0177500000000001,0.02925,0.712250000000001,0.00200000000000002
"74166",0.936625,0.803625,0.992375,0.892875
"75129",0.0227500000000002,0.0586250000000004,0.00237500000000003,0.0326250000000002
"75968",0.341375,0.032,0.913124999999999,0.00350000000000002
"77015",0.99925,0.93825,0.99375,0.509125
"78128",0.0752499999999999,0.0116249999999999,0.1045,0.000125000000000005
"78675",0.787749999999999,0.316750000000001,0.982625,0.267625
"78814",0.95125,0.975,0.994875,0.79075
"79169",0.00200000000000005,0.004,0.943125,0.265874999999999
"79745",0.99375,0.97675,0.93325,0.0142500000000001
"79971",0.999375,0.9965,0.992625,0.99175
"80682",0.874125,0.125874999999999,0.9895,0.130125
"82033",0.999875,0.952625,0.99275,0.94225
"82222",0.00637499999999989,0.0183749999999999,0.12775,0.095625
"82254",0.9455,0.895375,0.0733749999999999,0.417125000000001
"82367",0.741375,0.144875,0.0497500000000003,0.00200000000000002
"85983",0.00299999999999998,0.00374999999999996,0.229375000000001,0.00600000000000001
"86845",0,0.00300000000000001,0.00837499999999998,0.00087499999999997
"87065",0.0871249999999997,0.2,0.209125,0.1215
"88278",0.772124999999999,0.496624999999999,0.622625000000001,0.128125
"89635",0.00787499999999997,0.16275,0.0113749999999999,0.152750000000001
"91743",0.0821249999999996,0.0598749999999997,0.923,0.00437500000000003
"91809",0.633374999999999,0.91575,0.960875,0.9575
"91914",0.94025,0.9035,0.981625,0.876375
"92128",0.99675,0.893,0.987375,0.0892500000000001
"93363",0.999125,0.965375,0.999,0.989375
"94901",0.818999999999999,0.654249999999999,0.33175,0.0185000000000001
"95379",0.9995,0.96175,0.99875,0.97425
"95449",0.00200000000000007,0.10025,0.014,0.783500000000001
"95616",0.951125,0.608125,0.990625,0.27875
"96699",0.0478750000000001,0.0682499999999997,0.791875000000001,0.9765
"97744",0.992125,0.95825,0.999,0.9985
"98301",0.00287500000000002,0.0432499999999999,0.00299999999999998,0.00149999999999998
"100955",0,0.00712499999999994,0.00550000000000004,0.000374999999999993
"101299",0.759875,0.21425,0.976875,0.0217499999999997
"101745",0.91325,0.320874999999999,0.9895,0.159375
"103291",0.999625,0.842625000000001,0.990375,0.25625
"104795",0.992625,0.994625,0.991,0.96825
"104943",0.998875,0.560375,0.99025,0.00200000000000008
"108857",0.818,0.85625,0.017,0.847500000000002
"109504",0.999625,0.995125,0.999,0.994375
"110589",0.999875,0.96325,0.998125,0.999875
"112994",0.065625,0.0481250000000002,0.803125,0.323125000000001
"113558",1,0.998375,0.994875,0.98475
"113765",0.0607500000000002,0.0643750000000003,0.33825,0.000875000000000014
"113852",0.98325,0.805,0.938625,0.0495000000000001
"114980",0.000500000000000012,0.00237500000000004,0.438250000000001,0.001875
"115386",0.99925,0.90925,0.856125,0.558375
"115451",0.00575000000000005,0.00425000000000001,0.73375,0.0460000000000002
"116280",0,0.00600000000000005,0.0145,0.00187499999999997
"120734",0.7675,0.793000000000001,0.406,0.00887499999999999
"122345",0.0328749999999997,0.0593750000000004,0.021,0.000250000000000014
"123536",0.9995,0.992125,0.997625,0.897625
"124926",0.994,0.10275,0.958625,0.00249999999999996
"125607",0.00250000000000001,0.0262500000000001,0.932375,0.121
"125777",0.00537500000000005,0.0145,0.0179999999999996,0.000250000000000014
"126493",0.0120000000000002,0.0106249999999999,0.73175,0.0467500000000003
"126534",0.9425,0.270500000000001,0.912,0.00412499999999996
"127666",0.992375,0.684250000000001,0.996,0.964125
"129353",0.989875,0.938125,0.977625,0.5565
"130090",0.00562499999999993,0.00550000000000007,0.028375,0.000250000000000014
"131360",0.000124999999999993,0.00175000000000005,0.444750000000001,0.00949999999999997
"132851",1,0.9985,0.97075,0.972
"133060",0.0295000000000001,0.0462499999999999,0.320625,0.00124999999999998
"133796",0.0342499999999999,0.055375,0.139750000000001,0.0210000000000001
"137047",0.00325000000000002,0.00874999999999997,0.45025,0.0232499999999997
"138008",0.999875,0.980125,0.998125,0.985
"138181",0.928125,0.115625,0.726625000000001,0.00350000000000009
"138501",0.524125,0.509,0.236625000000001,0.02425
"138579",0.997,0.998375,0.98175,0.981625
"140783",0.957874999999999,0.94325,0.98325,0.90725
"141540",0.00074999999999999,0.00675000000000001,0.708875,0.01325
"141823",0.00212500000000001,0.0106249999999999,0.22675,0.003
"142401",0.318125,0.12725,0.373124999999999,0.065375
"142994",0.000624999999999979,0.00287500000000002,0,0.016125
"143070",0.907625,0.508625,0.9265,0.016375
"143326",0.155375,0.250875000000001,0.96075,0.42075
"144470",0.999875,0.99525,0.998625,0.938
"145494",0.0494999999999999,0.0175000000000001,0.925875,0.0111250000000001
"147477",0.999875,0.983125,0.987625,0.889375
"148351",0,0.0383749999999999,0.00362500000000001,0.0082499999999999
"149344",0.00762500000000001,0.00624999999999997,0.00725000000000002,0.0293749999999996
"153261",0.992375,0.94675,0.919875,0.658875
"154078",0.652874999999999,0.704875,0.14075,0.603249999999999
"155598",0.00262499999999995,0.1925,0.47625,0.142625
"157460",0.00412499999999992,0.00262499999999996,0.715,0.0031250000000001
"159479",0.725500000000001,0.0774999999999998,0.9765,0.0278750000000001
"160449",0.0642499999999999,0.0666250000000003,0.253375000000001,0.00600000000000005
"160667",0.326125,0.046875,0.231500000000001,0.000625000000000004
"161584",0.994875,0.997625,0.998875,0.99975
"161893",0.000125000000000006,0.0101249999999998,0.000500000000000038,0.00487499999999987
"162075",0.355250000000001,0.479874999999998,0.97,0.82875
"163403",0.00224999999999994,0.002,0.92425,0.003125
"163956",0.78925,0.546124999999998,0.982625,0.37925
"166514",0.000875000000000022,0.00350000000000012,0.0278750000000001,0.000124999999999996
"168942",0.99925,0.990375,0.957125,0.993625
"169928",0.323874999999999,0.253750000000001,0.1375,0.0363750000000002
"170812",0.00299999999999997,0.00312500000000002,0.314,0.000125000000000007
"170908",0.999875,0.96275,0.99125,0.97375
"171801",0.339999999999999,0.47275,0.505374999999999,0.613499999999999
"172365",0.97475,0.797375,0.824125,0.0260000000000002
"174131",0.964875,0.84075,0.367749999999999,0.0377499999999998
"175084",0.825125,0.7535,0.0769999999999998,0.00137500000000004
"175957",0.000500000000000025,0.012,0.0202499999999999,0.00112499999999997
"176072",0.514625000000001,0.950625,0.924,0.99675
"176695",0.9985,0.881874999999999,0.991125,0.475249999999999
"177317",0.00887500000000012,0.01675,0.799875,0.0464999999999994
"180628",0.27475,0.329249999999999,0.0721250000000002,0.0352500000000001
"180799",0.996875,0.995375,0.988625,0.884125
"182239",0.022375,0.0498749999999999,0.00712500000000001,0.000250000000000014
"182470",0.00200000000000001,0.00950000000000003,0.228625,0.00350000000000007
"182668",0.0187500000000001,0.00575000000000003,0.00337499999999996,0.00275000000000014
"183836",0.00812500000000001,0.00437499999999999,0.00762500000000001,0.000124999999999998
"185546",0.0151250000000002,0.00562499999999991,0.0888750000000001,0.00512499999999997
"185934",0.98925,0.985875,0.9605,0.462625
"188971",0.405874999999999,0.0454999999999998,0.95925,0.0625
"189354",0.266000000000001,0.0885000000000002,0.5625,0.0165
"189381",0.858,0.11325,0.938,0.0840000000000002
"189599",0.00912499999999996,0.0402499999999998,0.000125000000000007,0.0106249999999999
"193574",0.88025,0.81375,0.646,0.4715
"193772",0.2315,0.0286250000000001,0.683499999999999,0.0588749999999998
"194250",0.995125,0.804,0.999,0.9775
"194808",0.00162500000000001,0.00287500000000002,0.12425,0.01525
"194935",0.003125,0.00462500000000001,0.137625,0.126125
"195908",0.97075,0.982625,0.76925,0.598625
"196274",0.801,0.678375,0.899875,0.0491249999999999
"196972",0.00187499999999999,0.0116249999999999,0.19325,0.000625
"200397",0.000124999999999991,0.00387499999999999,0.017,0.00224999999999996
"200558",0.907625,0.933125,0.914,0.113
"201930",0.972125,0.959625,0.9945,0.77525
"202277",0.0541250000000005,0.0683749999999982,0.93275,0.890249999999999
"202595",0.99575,0.97525,0.998,0.999875
"202706",0.00162499999999998,0.0212499999999998,0.716,0.0131249999999999
"202708",0.998875,0.960875,0.9975,0.98625
"202787",0.99975,0.991875,0.9905,0.380125
"204518",0.0107500000000001,0.0209999999999999,0.4065,0.546124999999998
"206425",0.672625,0.373124999999999,0.967875,0.00200000000000005
"206708",0.999875,0.996625,0.998625,0.99225
"207043",0.9495,0.567875,0.842749999999999,0.10525
"207192",0.0207500000000002,0.00512499999999998,0.933375,0.120375
"207712",0.0391249999999999,0.108375,0.80125,0.648
"208402",0.000250000000000016,0.00287499999999999,0.000624999999999999,0.00124999999999999
"211985",0.0376249999999999,0.019875,0.733250000000001,0.0633749999999994
"212550",0.92025,0.90775,0.9125,0.74725
"212917",0.044125,0.00925000000000012,0.1745,0.0243750000000006
"213509",0.0387499999999999,0.010125,0.00287500000000003,0.000124999999999987
"215263",0.911875,0.976125,0.970875,0.96475
"216136",0.823375,0.618875,0.0115000000000001,0.001875
"216251",0.404875,0.509999999999999,0.983125,0.818875
"217337",0.0234999999999999,0.3225,0.131375,0.354000000000001
"217798",0.507124999999999,0.293875,0.113125,0.238
"217799",0.99375,0.80825,0.896,0.0223749999999999
"220158",0.470375,0.0467500000000001,0.83325,0.00375000000000001
"221040",0.0290000000000001,0.0249999999999998,0.00187499999999997,0.0311250000000002
"221042",0.0646250000000001,0.0356250000000003,0.898125,0.89925
"221606",0.914375,0.984,0.9955,0.931375
"222042",0.000250000000000017,0.003,0.0183750000000001,0
"222242",1,0.996625,0.995625,0.9985
"226867",0.999625,0.961875,0.9935,0.99525
"227430",0.00100000000000003,0.00312500000000006,0.445375000000001,0.00987499999999993
"229376",0.998375,0.964875,0.9945,0.83875
"229991",0.999875,0.28325,0.985875,0.0224999999999994
"230800",0,0.00299999999999994,0.00700000000000008,0.0095000000000001
"231023",0.99975,0.99775,0.99825,0.9765
"231497",0.2935,0.225375,0.12375,0.03025
"232499",0.6565,0.492124999999999,0.0196250000000001,0.00487499999999989
"233092",0.0301249999999999,0.00724999999999986,0.100375,0.00125000000000002
"236156",0.321125000000001,0.529749999999999,0.747125,0.00912499999999996
"236458",0.0086249999999999,0.00437500000000003,0.00325000000000002,0.000500000000000036
"237544",0.000500000000000018,0.0293750000000001,0.446374999999999,0.0355000000000001
"241332",0.582,0.0716250000000001,0.964375,0.0580000000000001
"241491",0.98425,0.159875,0.94425,0.1815
"245744",0.99675,0.953125,0.967125,0.349875
"246480",0.490624999999999,0.335625,0.837875000000001,0.19275
"246949",0,0.00325000000000002,0.010625,0.01075
"247283",0.952625,0.82175,0.451125,0.0103750000000001
"250369",0.862625,0.806250000000001,0.250625,0.245625
"252814",0.9635,0.872875,0.0117499999999999,0.00749999999999997
"253228",0.9355,0.992875,0.157999999999999,0.996
"253937",0.999125,0.979125,0.996875,0.995125
"254309",0.999,0.945,0.947625,0.576375
"255753",0.975,0.59125,0.757374999999999,0.00974999999999992
"258406",0.98225,0.926375,0.885375,0.0338750000000002
"258786",0.968875,0.351250000000001,0.974375,0.18725
"258908",0.999875,0.995875,0.99425,0.97075
"260546",0.9975,0.86975,0.986,0.97525
"261260",0.000125000000000002,0.0413749999999999,0.00725000000000002,0.0205000000000001
"262762",0.00262499999999991,0.0351249999999997,0.088125,0.00462500000000002
"265021",0.99225,0.977125,0.892125,0.0511249999999999
"265887",0.0439999999999999,0.0314999999999999,0.725625,0.004
"266070",0.999875,0.997875,0.999,0.988375
"266671",0.997,0.961,0.987,0.998125
"267787",0.983375,0.15425,0.94,0.165125
"268193",0.99775,0.993375,0.881125,0.417375
"268243",0.95225,0.827125,0.981375,0.393125
"269555",0.11375,0.761625,0.368249999999999,0.6305
"270380",0.000374999999999993,0.00275000000000001,0,0
"270409",0.993,0.995125,0.99675,0.97275
"270727",0.004,0.00412499999999999,0,0.000124999999999991
"272947",0.000125000000000001,0.00500000000000007,0.00975000000000004,0.003875
"273269",0.105875,0.125625,0.706375,0.321125
"273375",0.0558749999999998,0.1905,0.23825,0.205249999999999
"275256",1,0.99575,0.991125,0.9775
"275720",0.999875,0.99525,0.99425,0.673625
"279044",0.9925,0.816875,0.944374999999999,0.122125
"279690",0.000125000000000002,0.0371250000000002,0.0201249999999999,0.00187499999999995
"281801",0.996875,0.857,0.958,0.318875
"282621",0.000374999999999994,0.0315,0.299625,0.00275000000000008
"284683",0.96575,0.94625,0.00149999999999997,0.0165
"285018",0.719,0.595625000000001,0.977375,0.400999999999999
"285134",0.10675,0.103249999999999,0.7835,0.756375
"285557",0.999875,0.999125,0.167125000000001,0.99575
"285940",0,0.00249999999999997,0.0983749999999996,0.0246249999999999
"287010",0.9995,0.733375,0.9195,0.153875
"288447",0.996125,0.99725,0.975875,0.993125
"288787",0.000624999999999974,0.0375,0,0
"290814",0.880125,0.114875,0.77425,0.0441249999999999
"291341",0.000500000000000026,0.0177500000000001,0.000624999999999985,0.00362499999999997
"291717",0.0056249999999999,0.00162500000000001,0.713125,0.0081250000000002
"292110",0.0261249999999999,0.034125,0.798625,0.00250000000000005
"292566",1,0.9965,0.999,0.994625
"294108",0.369250000000002,0.0808750000000005,0.284749999999999,0.125875
"294893",0.998625,0.962125,0.993625,0.98825
"296052",0.97925,0.104125,0.992875,0.0193749999999999
"296869",0.919375,0.93325,0.98875,0.555625000000001
"297132",0.987625,0.9975,0.99725,0.97925
"298241",0.00899999999999992,0.00837499999999998,0.886375,0.518874999999999
"299130",0.165625,0.0184999999999998,0.889125,0.0216249999999998
"299794",0.999625,0.98725,0.998125,0.985375
"302217",0.117125,0.11225,0.886125,0.9855
"303087",1,0.980125,0.99875,0.99525
"303219",0.0391249999999999,0.0577499999999998,0.164,0.00512500000000005
"304340",0.00850000000000004,0.0232499999999998,0.5855,0.35575
"304750",0.000125000000000009,0.0109999999999999,0.00212500000000004,0.00224999999999995
"305000",0.05775,0.0115000000000001,0.0707500000000002,0.000749999999999979
"305317",0.19175,0.1005,0.575125,0.202875
"306043",0.999375,0.992625,0.97775,0.73025
"306309",0.0113749999999999,0.00824999999999984,0.0595000000000001,0.013875
"307583",0.442249999999999,0.51425,0.8505,0.00200000000000005
"308588",0.99925,0.9855,0.982125,0.365249999999999
"309352",0.46325,0.45075,0.3965,0.048
"310411",0.85225,0.786375,0.166875,0.165750000000001
"312511",0.93925,0.646625,0.273374999999999,0.000875000000000022
"313892",0.00662499999999997,0.0212499999999999,0.9305,0.125625
"315209",0.0127500000000001,0.0103750000000002,0.000374999999999996,0.000374999999999991
"316224",0.0403750000000002,0.0219999999999999,0.60475,0.0353749999999999
"321974",0.992375,0.98375,0.991375,0.483250000000001
"322995",0.025875,0.0499999999999998,0.0987499999999999,0.00512500000000014
"323382",0.916,0.7505,0.98075,0.0495000000000003
"325532",0.431375,0.0409999999999998,0.923625,0.0031250000000001
"326374",0.927,0.80375,0.960625,0.947125
"327517",0.0176249999999998,0.0499999999999997,0.00175000000000004,0.000624999999999991
"327825",0.8275,0.333875,0.9965,0.966
"328916",0.00125000000000002,0.00137500000000005,0.72675,0.02275
"332855",0.982625,0.936125,0.62375,0.0202500000000001
"333625",0.137125000000001,0.1235,0.983375,0.983375
"338247",0.966625,0.568125,0.9665,0.11875
"338553",0.0416250000000002,0.0108749999999998,0.771,0.173999999999998
"340251",0.0427500000000001,0.00537500000000007,0.597375,0.000500000000000024
"342329",0.96025,0.931,0.9915,0.9835
"342406",0.682875,0.57875,0.967875,0.0714999999999998
"344202",0.9995,0.996625,0.9935,0.84125
"344652",0.999375,0.919625,0.98225,0.931625
"347425",0.99875,0.967875,0.99075,0.871875
"350690",0.00149999999999998,0.00237500000000004,0.23175,0.00887500000000006
"351668",1,0.964875,0.99875,0.998625
"351710",0.99875,0.96525,0.98775,0.99975
"352024",0.597,0.560125,0.38125,0.0581249999999998
"352599",0.964875,0.994875,0.870875,0.966
"353023",0.000250000000000015,0.00324999999999998,0.0286250000000001,0.000250000000000015
"353233",0.01425,0.0460000000000003,0.0181249999999999,0.000374999999999993
"354481",0.0252500000000002,0.00824999999999994,0.0219999999999999,0.000624999999999998
"354564",0.9525,0.634,0.996375,0.9055
"354885",0.007625,0.0133750000000001,0.327374999999999,0.0286249999999995
"358534",0.000749999999999989,0.00949999999999996,0.0302499999999999,0.00087500000000002
"359156",0.99975,0.99675,0.992625,0.983
"359550",0.0112499999999997,0.00575000000000005,0.00124999999999995,0.000249999999999984
"360948",0.998125,0.96625,0.95875,0.993625
"361250",0.98075,0.992625,0.9955,0.937625
"364484",0.000250000000000017,0.0240000000000002,0.000750000000000002,0.00475000000000018
"365182",0.16825,0.172125,0.956375,0.418
"366620",0.0035,0.0691250000000002,0.00200000000000002,0.203875000000002
"367447",0.0201249999999999,0.00587500000000016,0.0403750000000002,0.0349999999999999
"367804",0.000124999999999986,0.0121249999999999,0.0481249999999997,0.00675000000000008
"368009",0.994875,0.564375000000001,0.95525,0.061
"368669",0.9915,0.95275,0.9615,0.999125
"369598",0.99525,0.8275,0.814875,0.768499999999999
"369714",0.99975,0.975375,0.996,0.743125
"369821",0.000124999999999995,0.0115000000000001,0.00575000000000005,0.00112499999999998
"370275",0.00412499999999992,0.00137500000000003,0.72275,0.02875
"373147",0.9955,0.920875,0.634249999999999,0.581875000000001
"374977",0.255374999999999,0.0477499999999999,0.0343749999999999,0.000374999999999993
"375080",1,0.99175,0.9925,0.7405
"375846",0,0.0104999999999999,0.00250000000000004,0.000250000000000014
"376654",0.9995,0.981125,0.9765,0.9985
"377211",0.189375000000001,0.0238749999999999,0.414,0.00287500000000001
"377260",0.190250000000001,0.1745,0.9185,0.32075
"377524",0.996125,0.91275,0.510999999999999,0.0523749999999999
"377802",0.991125,0.98225,0.977875,0.462875
"377860",0.10825,0.628375,0.00462500000000007,0.00674999999999999
"379116",0.99975,0.998375,0.998375,0.999125
"379230",0.000500000000000028,0.002,0.00887500000000008,0.000374999999999991
"379921",0.989875,0.957625,0.932375,0.986125
"379967",0.998375,0.962,0.974125,0.99025
"380685",0.0266250000000005,0.0104999999999997,0.313750000000001,0.00187499999999999
"381115",0.000500000000000034,0.00350000000000001,0.0120000000000002,0.00500000000000006
"382577",0.545750000000001,0.529500000000001,0.237874999999999,0.00224999999999998
"382777",0.988875,0.942999999999999,0.739625000000001,0.804249999999999
"385501",0.106,0.0204999999999999,0.0122500000000001,0.000250000000000005
"385649",0.00325000000000002,0.00337499999999995,0.92975,0.00562499999999994
"385808",0.0522499999999996,0.304249999999999,0.9885,0.990625
"386162",0.663624999999999,0.664875,0.876,0.623749999999999
"388340",0.995875,0.975,0.819374999999999,0.966
"388799",0.97825,0.919125,0.89875,0.791125
"390016",0.0400000000000002,0.0603749999999999,0.7555,0.14575
"390111",0.934,0.942249999999999,0.997,0.9765
"390509",0.98075,0.991625,0.979375,0.95325
"391313",0.956625,0.963875,0.929000000000001,0.997625
"392725",0.0498749999999999,0.1555,0.067375,0.027875
"393839",0.89875,0.10275,0.865125,0.0285
"394028",0.315125,0.442624999999998,0.0444999999999999,0.00700000000000002
"394295",0.970375,0.9905,0.269875000000001,0.793875
"394485",0.986125,0.5405,0.98775,0.0130000000000001
"394832",0.9895,0.941,0.989625,0.238
"395292",0.999375,0.9815,0.974875,0.98925
"396911",0.0456249999999999,0.0582499999999999,0.909875,0.3765
"398808",1,0.996125,0.99375,0.9985
"399427",0.99925,0.980625,0.9895,0.952375
"399617",0.0253749999999997,0.00775000000000015,0.743375,0.138875
"401359",0.000875000000000025,0.00437500000000002,0.0512500000000004,0.00524999999999986
"402102",0.00237500000000009,0.0372499999999999,0.029375,0.00387500000000001
"402662",0.000124999999999995,0.00524999999999989,0.00512499999999998,0.0547500000000001
"404193",0.01525,0.00425000000000003,0.72825,0.0298749999999999
"404358",0.000250000000000015,0.0391249999999999,0.000124999999999991,0.000749999999999993
"404542",0.999375,0.8225,0.969,0.518875
"404672",0.191625,0.0441250000000001,0.71925,0.22875
"405844",0.604375,0.8325,0.0240000000000001,0.0105
"406082",0.0397500000000001,0.143125,0.345375,0.666000000000002
"406656",0.974875,0.554875,0.9905,0.10875
"406854",0.0164999999999999,0.0107500000000002,0.8235,0.444125
"407980",0.000749999999999989,0.00425000000000002,0.000875000000000023,0.00325
"408017",0.0432500000000001,0.0218750000000001,0.928875,0.06175
"408088",0.9995,0.96175,0.998625,0.9795
"408367",0.979125,0.827625,0.643125,0.0402499999999999
"408821",0.723625000000001,0.0787500000000002,0.97475,0.034125
"410083",0.999875,0.93675,0.987125,0.144125
"410333",0.0802500000000002,0.0821249999999998,0.441625,0.600000000000003
"410474",0.991125,0.305,0.960875,0.0726250000000007
"410704",0.99325,0.541125,0.946624999999999,0.00250000000000002
"414003",0.12375,0.0993749999999998,0.64,0.083625
"414840",0.000749999999999989,0.00149999999999999,0.920875,0.0103750000000002
"415602",0.0218750000000002,0.10125,0.00500000000000008,0.31225
"417087",0.99525,0.6005,0.98275,0.193375
"417112",1,0.961375,0.998375,0.97275
"419466",0.0363750000000002,0.0381249999999997,0.96225,0.531499999999999
"419692",0.0674999999999999,0.168875,0.061,0.00675000000000004
"420862",0.899874999999999,0.1055,0.98875,0.0393750000000001
"422419",0.002375,0.00312500000000003,0.443125,0.000624999999999995
"422936",0.00600000000000003,0.0204999999999999,0.92875,0.00275000000000008
"423056",0.0185,0.0398749999999999,0.877625,0.13225
"423214",0.228125,0.379625000000001,0.97675,0.781125
"424211",0.81375,0.923375,0.102875,0.0877500000000002
"424730",0.0802500000000002,0.0927500000000002,0.2025,0.079
"425839",0.723375,0.0811249999999999,0.974125,0.030625
"426374",0,0.00412499999999993,0.00100000000000006,0.000124999999999999
"427361",0.995375,0.761875,0.995125,0.67625
"427590",0.162,0.0193749999999999,0.8905,0.0261249999999999
"429128",0.0261249999999999,0.589750000000001,0.00899999999999998,0.00425000000000004
"431190",0.00500000000000009,0.0200000000000001,0.875875,0.0180000000000001
"431877",0.963875,0.6895,0.078375,0.00324999999999997
"432310",0.802249999999999,0.89825,0.634249999999999,0.07925
"434471",0.0191249999999997,0.00637500000000002,0.00412499999999996,0
"434679",0.999875,0.963375,0.998375,0.999125
"435745",0.10825,0.196374999999998,0.000374999999999992,0.002
"436930",0.999625,0.993375,0.9775,0.7555
"438418",0.00112499999999998,0.0157500000000001,0.446374999999999,0.025
"438544",0.0196250000000001,0.00700000000000005,0.157875000000001,0.00112499999999998
"439746",1,0.98025,0.992375,0.999875
"441785",0.993,0.284,0.9855,0.0213750000000001
"441855",0.9095,0.524625,0.917875,0.062125
"442825",0.000125,0.00637499999999994,0.00100000000000004,0.00612500000000005
"444948",0.999625,0.925625,0.994875,0.752875
"445806",1,0.996875,0.9925,0.998875
"446139",0.0143750000000002,0.0298749999999999,0.000124999999999986,0.00587500000000002
"448125",0.0548750000000004,0.0117499999999999,0.064875,0.00250000000000003
"448464",0.00625000000000001,0.00462500000000009,0.000624999999999981,0.000374999999999992
"448595",0,0.0103750000000001,0.00187499999999995,0
"449291",0.000125000000000006,0.145,0.0085,0.10575
"449326",0.000374999999999992,0.0111250000000001,0.0135000000000001,0.000500000000000038
"449699",0.986125,0.975375,0.966125,0.625875
"451570",0.973,0.981,0.00300000000000001,0.0115000000000001
"451638",0.398999999999999,0.161875,0.95825,0.20675
"452341",0.576000000000001,0.553125,0.967625,0.383
"453044",0.0847500000000003,0.0616250000000005,0.958625,0.453625
"454851",0.99525,0.924125,0.979125,0.7465
"456157",0.399874999999999,0.122625,0.9535,0.545750000000001
"456331",0.999625,0.95275,0.9985,0.96325
"462246",0.922999999999999,0.613375,0.642875,0.15075
"462353",0.331125,0.0556250000000002,0.947375,0.0132499999999999
"467868",0.978625,0.948625,0.981375,0.81725
"468828",0.725,0.076125,0.976,0.00512499999999999
"469756",0.0361249999999999,0.332125,0.354499999999999,0.7945
"469900",0.7445,0.287,0.983875,0.501250000000001
"470166",0.9665,0.541875,0.97925,0.0575000000000001
"470472",0.999875,0.91275,0.997,0.684875
"471854",0.999625,0.99725,0.99825,0.9995
"473847",0.995,0.961,0.993,0.99925
"474182",0,0.0132499999999999,0.0286250000000001,0.00475000000000006
"474486",0.99075,0.950375,0.997,0.941625
"474502",0.7625,0.22625,0.976125,0.0523750000000002
"477052",0.0307500000000001,0.0268749999999997,0.376375,0.135125
"478120",0.9985,0.9475,0.97975,0.901875
"478962",0,0.00412499999999989,0,0.000250000000000016
"479593",0.99225,0.863875,0.96475,0.41925
"481397",0.21975,0.0570000000000009,0.9275,0.381625
"483995",0.939875,0.184124999999999,0.953,0.0337499999999999
"484825",0.39125,0.151374999999999,0.236875,0.00600000000000004
"485844",0.9105,0.512875,0.930125,0.00224999999999997
"486189",0.996,0.972375,0.997,0.944875
"489935",0.013875,0.14975,0.198875,0.146625
"491194",0.110375,0.372499999999999,0.00600000000000007,0.000124999999999998
"494056",0.00487499999999996,0.174875,0.726875,0.48575
"495430",0.998,0.983875,0.988625,0.27175
"495668",0.0595000000000001,0.0131250000000001,0.0658749999999999,0.00012500000000001
"496844",0.012625,0.00425,0.15325,0.000249999999999997
"497306",0.0135000000000002,0.415624999999999,0.895249999999999,0.00762500000000001
"497579",0.998,0.967125,0.99675,0.877125
"497743",0,0.00224999999999993,0.0204999999999999,0.00149999999999996
"498268",0.904875000000001,0.787124999999998,0.47475,0.0523749999999998
"498370",0.001375,0.0381249999999999,0.0469999999999999,0.00712499999999997
"499838",0.000124999999999997,0.00737500000000005,0.00700000000000003,0.016375
"500170",0.000624999999999989,0.00337499999999998,0.00350000000000009,0.000250000000000017
"500717",0.97975,0.97,0.9325,0.0242499999999998
"500749",0.999625,0.9965,0.987125,0.996375
"500902",0,0.00212499999999997,0.00050000000000004,0.000249999999999997
"501222",0.000250000000000006,0.00312500000000004,0.000124999999999998,0.00274999999999999
"502653",0.00437500000000007,0.0101249999999999,0.44075,0.00612500000000004
"504164",0.674875,0.6165,0.8685,0.320125
"505129",0.97025,0.796375,0.992125,0.80625
"505294",0.999,0.996375,0.349,0.909
"506707",0.000125000000000003,0.00425000000000004,0.311875,0.00124999999999995
"507694",0.96225,0.801875,0.73225,0.980875
"508968",0.73175,0.114625,0.9775,0.144625000000001
"510823",0.9365,0.52275,0.985375,0.0211250000000002
"511603",0.0717499999999993,0.359375,0.677125000000001,0.960125
"512733",0.04475,0.01575,0.841,0.23175
"514087",0.0192500000000002,0.00474999999999999,0.458499999999999,0.00575000000000006
"515855",0.96275,0.993375,0.994125,0.90225
"516054",0.99175,0.77375,0.975624999999999,0.665125
"517534",0.744749999999999,0.621249999999998,0.97325,0.0676250000000002
"517666",0.371125,0.23375,0.802875,0.0572500000000002
"517957",0.9995,0.86075,0.998125,0.935375
"518319",0.00312500000000012,0.0346250000000003,0.0165,0.000124999999999998
"519583",0.0888749999999992,0.0834999999999994,0.937,0.164
"520070",0.00100000000000007,0.2135,0.00074999999999999,0.0426250000000001
"520802",0.3305,0.34575,0.52825,0.635749999999999
"522169",0.0490000000000002,0.0741250000000003,0.941,0.294249999999998
"522393",0.596999999999999,0.0629999999999999,0.71575,0.000374999999999996
"528077",0.60775,0.81725,0.517999999999999,0.00699999999999999
"529885",0.000374999999999994,0.011,0.000250000000000015,0.00287500000000002
"530201",0.354625,0.0983749999999998,0.875375,0.497875
"531605",0.00362499999999996,0.00725000000000002,0.15025,0.00262499999999995
"532372",0.00124999999999996,0.00287500000000003,0.00100000000000002,0.00175000000000004
"533168",0.0221249999999999,0.0486249999999999,0.0193749999999999,0.00050000000000002
"535982",0.8655,0.867999999999999,0.95975,0.993625
"536756",0.00425000000000007,0.112125,0.00187500000000001,0.00662500000000002
"537222",0,0.00987499999999994,0.000874999999999933,0.00287500000000003
"542098",0.0701249999999998,0.0120000000000002,0.935125,0.00650000000000004
"542538",0.032,0.007875,0.0136249999999999,0.0050000000000001
"542773",1,0.997125,0.998625,0.998875
"545511",0.0453750000000001,0.00687500000000003,0.884125,0.05375
"545866",0.947875,0.699875,0.985,0.515125000000001
"546995",0.520250000000001,0.0496250000000001,0.962,0.004125
"547323",0.990625,0.9735,0.885125,0.0108749999999999
"547630",0.000624999999999986,0.00262499999999991,0.0110000000000003,0.00100000000000003
"547906",0.0181250000000001,0.00312500000000009,0.92825,0.00100000000000004
"548338",0.00150000000000001,0.00400000000000001,0.00250000000000004,0.000500000000000029
"548585",0.99925,0.78225,0.990125,0.93125
"548840",0.989625,0.973875,0.996,0.996625
"550082",0,0.00374999999999998,0.0108749999999999,0
"550334",0.000374999999999991,0.00462500000000001,0.00337500000000001,0.01025
"552033",0.643625,0.47875,0.018125,0.00187499999999999
"553106",0.000749999999999993,0.1125,0.141625,0.0209999999999993
"554246",0.9995,0.93675,0.973875,0.852624999999999
"555197",0.998,0.996875,0.435750000000001,0.901375
"556351",1,0.997,0.998875,0.98475
"558826",0.064375,0.0104999999999998,0.745375,0.0531250000000002
"558975",0.214499999999999,0.133374999999999,0.754625,0.412625
"560197",0.167875,0.0176250000000001,0.935875,0.00837499999999998
"560286",0.888,0.4935,0.8775,0.00937500000000004
"561258",0.0665000000000003,0.056125,0.925250000000001,0.00250000000000004
"562966",1,0.99025,0.99475,0.676375
"563581",0.00125000000000001,0.0329999999999999,0.00100000000000007,0.00112499999999999
"564266",0.855125,0.0822499999999999,0.982125,0.00212500000000002
"566632",0.976875,0.929875,0.99725,0.90975
"567170",0.00425000000000003,0.00425000000000004,0.0123750000000001,0
"567226",0.00137500000000004,0.035375,0.00149999999999998,0.000624999999999967
"567371",0.9955,0.596625,0.99725,0.76175
"568483",0.0103750000000001,0.00350000000000003,0.0121249999999999,0.00787499999999994
"568526",0.99375,0.53475,0.98925,0.00200000000000003
"568845",0.999125,0.966625,0.9275,0.994875
"569699",0.000500000000000019,0.102125,0.13275,0.00487499999999996
"570200",0.000125000000000001,0.00175000000000006,0.690749999999999,0.0215
"570669",0.00100000000000004,0.338124999999999,0.0642499999999997,0.104000000000001
"570670",0.997625,0.998,0.997875,0.99075
"570751",0.00762499999999983,0.104125,0.137875,0.00337499999999997
"570823",0.00624999999999998,0.00237500000000008,0.0103750000000001,0.000125000000000002
"571520",0.00149999999999997,0.00299999999999997,0.000875000000000005,0
"573860",0.000374999999999993,0.00275000000000008,0.00799999999999999,0
"574158",0.999875,0.94675,0.979,0.2835
"575464",0.98075,0.881125,0.976,0.172250000000001
"575841",0.9995,0.619,0.9905,0.221625
"576336",0.000249999999999993,0.00449999999999998,0.174875,0.0619999999999999
"576406",0,0.00275000000000012,0.0735000000000003,0.000500000000000026
"576926",0.00324999999999995,0.00224999999999999,0.4345,0.00287500000000003
"577035",0.00725000000000001,0.011375,0.9095,0.36675
"578216",0.00900000000000003,0.00462499999999997,0.158,0.017375
"578536",0.0128749999999999,0.00874999999999997,0.797999999999999,0.00962500000000004
"579138",0.9965,0.990625,0.0286249999999996,0.077375
"579627",0.705125,0.447625,0.828875,0.171499999999999
"579779",0.996875,0.935,0.886625,0.0253749999999998
"580370",0.97325,0.943375,0.952375,0.99525
"580528",0.956,0.93525,0.998125,0.9985
"585846",0.638875,0.468875000000001,0.97525,0.396625
"587398",0.755875,0.441375,0.833125,0.0642500000000001
"587523",0,0.00250000000000004,0.0186249999999999,0.000125000000000004
"587613",0.158624999999999,0.02375,0.33375,0.0430000000000005
"587984",0.34175,0.10775,0.584,0.0023750000000001
"588896",0.476124999999999,0.34075,0.1555,0.0102500000000002
"589194",0.09025,0.0100000000000001,0.927875,0.00387500000000009
"589654",0.127875,0.12675,0.134875,0.0258750000000003
"590523",0.376124999999999,0.610375,0.464000000000001,0.73725
"590979",0.00400000000000001,0.00262499999999993,0.1505,0.00512500000000003
"591487",0.906625000000001,0.978625,0.986125,0.99625
"591881",0.247250000000001,0.209125,0.218624999999999,0.123
"592325",0.00124999999999998,0.00262499999999996,0.230999999999999,0.00162499999999999
"593688",0.0872500000000001,0.1785,0.1605,0.00675
"595730",0.003625,0.00324999999999981,0.94275,0.293875
"596325",0.35875,0.0475,0.955875,0.104000000000001
"596803",0.0193749999999999,0.0497500000000003,0.00100000000000002,0.00212500000000002
"597645",1,0.991625,0.980375,0.913625
"597654",0.71075,0.45425,0.6445,0.0871249999999998
"597757",0.99525,0.99725,0.937375,0.98725
"598460",0.156875,0.0217499999999997,0.313250000000001,0.00562499999999982
"600459",0.959875,0.98575,0.987625,0.8985
"601495",0.9825,0.855125,0.991375,0.4415
"604333",0.9895,0.98775,0.028375,0.0484999999999999
"604715",0.000125,0.0130000000000001,0.00637500000000002,0.0103750000000001
"607015",0.999,0.994,0.99625,0.84525
"607593",0.000250000000000017,0.00624999999999998,0.0107500000000001,0.000124999999999995
"609267",0.00299999999999998,0.00137500000000003,0.92575,0.064125
"611025",0.00374999999999997,0.00362500000000001,0.0117500000000001,0.00312500000000001
"611131",0.8025,0.957625,0.99525,0.981625
"612143",0.999875,0.99475,0.9805,0.9525
"612999",0.996875,0.959125,0.9875,0.994875
"613719",0,0.00262499999999999,0.000374999999999994,0
"614462",0.00062499999999998,0.00224999999999998,0.585375,0.00662500000000001
"616613",0,0.00362500000000001,0.00137500000000003,0.000500000000000016
"617078",0.119875,0.0218750000000002,0.66325,0.143874999999999
"620918",0.01725,0.00799999999999999,0.00287500000000003,0.00050000000000003
"622101",0.999375,0.9795,0.99025,0.955
"622757",0.00662499999999992,0.00412499999999998,0.00237499999999999,0.00125000000000002
"623980",0.00224999999999996,0.0183750000000001,0.00137500000000002,0.106625
"624022",0.9645,0.544,0.937875,0.0200000000000001
"626383",0.90525,0.286375,0.987375,0.0941250000000013
"626573",0,0.00250000000000004,0.000374999999999991,0.000124999999999989
"626673",0.973,0.48275,0.0878749999999999,0.128750000000001
"627214",0.9755,0.849,0.990375,0.416125
"627716",0,0.0154999999999999,0.019,0.132875000000001
"630237",0.980875,0.308,0.991125,0.0993750000000001
"631612",0.019375,0.004,0.221375,0.000875000000000027
"631683",0.999625,0.9325,0.963375,0.766625
"632457",0.999625,0.954875,0.998,0.934625
"634134",0.046625,0.0161249999999999,0.01625,0.0801249999999994
"634424",0.00462500000000005,0.0278750000000001,0.062,0.0627499999999995
"635023",0.0576249999999999,0.0342499999999999,0.024125,0.00162499999999998
"636338",0.999875,0.95575,0.96775,0.937
"636589",0.000124999999999996,0.0130000000000001,0.000625000000000003,0.00362500000000001
"636853",0.9965,0.9545,0.9925,0.97375
"636957",0.9905,0.8895,0.941625,0.119375
"637423",0.727375,0.704375,0.576,0.428
"637866",0.00200000000000015,0.227375,0.1425,0.407750000000002
"638587",0.269375000000001,0.21625,0.06825,0.00250000000000003
"638751",0.907374999999999,0.55175,0.6535,0.0132499999999999
"638886",1,0.99625,0.9975,0.91975
"640434",0.00037499999999999,0.00612500000000002,0.000625000000000003,0.175874999999999
"641188",0.96075,0.900875,0.9705,0.99675
"643877",0.00137500000000003,0.0249999999999998,0.00262499999999997,0.0127499999999999
"644116",0.695249999999999,0.4065,0.946125,0.00512499999999997
"644488",0.918499999999999,0.495875,0.985375,0.00275000000000002
"644513",0.00200000000000001,0.0375000000000001,0.00512499999999998,0.000124999999999988
"647657",0.994375,0.959875,0.994375,0.987125
"648827",0.00374999999999992,0.0381249999999999,0.01025,0.00612500000000004
"650996",1,0.997,0.995875,0.966875
"653962",0.0103750000000002,0.381375,0.14225,0.232
"655710",0.108125,0.1115,0.486375,0.00362499999999999
"657507",0,0.00299999999999997,0.0925,0.000374999999999993
"657543",0.000374999999999994,0.0309999999999998,0.0815000000000001,0.00100000000000002
"657778",0.0103750000000001,0.00449999999999997,0.164125,0.0789999999999996
"658407",0.457375000000001,0.481249999999999,0.00212500000000001,0.00325000000000002
"659498",0.00650000000000004,0.004,0.465,0.0565000000000001
"659555",0.99525,0.9975,0.96825,0.93725
"660582",1,0.997125,0.975624999999999,0.985875
"661549",0.9995,0.996625,0.986125,0.998875
"661923",0.916125,0.529375,0.932875,0.096375
"661949",0,0.00350000000000009,0.0915000000000001,0.00374999999999993
"662149",1,0.996875,0.990625,0.981375
"662485",1,0.995875,0.99725,0.9315
"663185",0.00137500000000002,0.0122500000000001,0.237875,0.0292499999999999
"664029",0.99875,0.98875,0.997,0.993125
"665628",0.874375,0.565875000000001,0.995125,0.8355
"667870",0.99675,0.86125,0.990875,0.384375000000001
"668961",0.58425,0.0707499999999999,0.940625,0.0574999999999997
"669417",0.000250000000000011,0.00350000000000001,0.000500000000000013,0
"670143",0.0257499999999998,0.0213749999999999,0.759875,0.166375
"670685",0.00299999999999997,0.585875,0.000749999999999993,0.011375
"671864",0.94775,0.629374999999999,0.988375,0.900625
"674096",0.353249999999998,0.219625,0.94825,0.0727500000000002
"675645",0.0151249999999999,0.018875,0.014375,0.0241249999999998
"677808",0,0.0115000000000001,0.010125,0.0104999999999999
"678504",0.99975,0.99425,0.980375,0.834125
"678918",0.752874999999999,0.209374999999999,0.958,0.00712499999999995
"682165",0.992875,0.871750000000001,0.973,0.97425
"682804",0.1475,0.228875,0.00575000000000006,0.000875000000000018
"683507",0.995375,0.99425,0.9385,0.9125
"688058",0.99375,0.987625,0.712,0.3855
"688844",0.971125,0.803375,0.977375,0.128625
"689060",0.00799999999999999,0.01525,0.787625000000001,0.00387500000000003
"689170",0.003,0.00912499999999996,0.299375,0.00337499999999991
"691719",0.022625,0.0311250000000001,0.315875000000001,0.0123750000000001
"692652",0,0.00350000000000001,0.04575,0.00312499999999998
"693746",0.0817500000000003,0.0615000000000001,0.181375,0.0182499999999999
"694075",0.895875,0.967625,0.604499999999999,0.628499999999999
"694326",0.0982499999999999,0.0211250000000002,0.00412499999999993,0.000250000000000014
"694715",0.99875,0.962875,0.9705,0.9715
"695528",0.000624999999999988,0.00312500000000001,0.000624999999999962,0.000250000000000014
"696806",0.998625,0.92225,0.82275,0.663374999999999
"697772",0.000500000000000033,0.0372499999999999,0.477,0.0846250000000004
"698435",0.0267500000000001,0.0266250000000002,0.00224999999999999,0.00350000000000002
"698860",0.000500000000000025,0.0121249999999999,0.0447499999999999,0.002
"699320",0.0162500000000003,0.0209999999999996,0.166875,0.036125
"700504",0.273875000000001,0.14175,0.328875000000002,0.16825
"701072",0.0178749999999999,0.00287500000000003,0.450874999999999,0.00400000000000005
"704263",0.744625,0.50525,0.326249999999999,0.0318749999999999
"705932",0.997875,0.996125,0.973375,0.99425
"706347",0.641875,0.393875,0.532999999999999,0.0183749999999998
"706848",0.00949999999999995,0.00250000000000003,0.923625,0.00162500000000001
"710185",0.009375,0.00237500000000006,0.71975,0.00149999999999998
"711409",0.999125,0.560249999999998,0.9695,0.98825
"713419",0.859,0.278125,0.893875,0.0858749999999996
"713777",0.066125,0.0739999999999999,0.273125,0.04575
"714191",0.9805,0.484500000000001,0.957625,0.195
"714196",0.984375,0.754375,0.989875,0.296875
"717808",0.0590000000000001,0.176375,0.00374999999999996,0.00124999999999995
"718327",0.98675,0.890625,0.235,0.887625
"718815",0.999,0.994125,0.878874999999999,0.803875
"720132",0.00912500000000012,0.0409999999999998,0.0829999999999999,0.00612499999999995
"721326",0.97675,0.2865,0.9145,0.00549999999999998
"724526",0.0858749999999989,0.174875,0.286249999999999,0.0577500000000003
"725778",0.000124999999999997,0.00237500000000007,0.0916249999999999,0.00262499999999993
"727608",0.000124999999999992,0.0324999999999998,0.141625,0.00224999999999993
"729026",0.000125000000000005,0.016375,0.0547499999999999,0.129625000000001
"729105",0.0332499999999999,0.003625,0.881125,0.00175
"730963",0.000500000000000038,0.011375,0.0542500000000002,0.001875
"731933",0.0246249999999999,0.00812499999999998,0.00462499999999999,0.00162500000000001
"732401",0.00100000000000001,0.00275000000000004,0.0445000000000001,0.00162499999999995
"732781",0.4545,0.578500000000001,0.990375,0.985375
"733658",0.246125,0.05525,0.686,0.05475
"733767",1,0.981375,0.99325,0.9995
"735104",0.185624999999999,0.0351249999999998,0.7365,0.0020000000000001
"735415",0,0.0130000000000001,0,0
"739726",0.949,0.967125,0.158,0.988125
"742549",0.000250000000000016,0.00200000000000005,0.710625,0.00087500000000002
"742827",0.00187499999999997,0.0133750000000001,0.941375,0.257749999999999
"744843",0.9945,0.557249999999999,0.990125,0.0668750000000002
"745408",0.013625,0.0492499999999999,0.011,0.000250000000000014
"747495",0.00587500000000015,0.0043750000000001,0.715374999999999,0.00700000000000002
"747831",0.132625,0.141625,0.000624999999999986,0.0527500000000002
"748221",0.765249999999999,0.470875,0.0415,0.016875
"748469",1,0.96575,0.995625,0.998875
"750403",0.93875,0.920625,0.351875,0.0586250000000002
"750676",0.999875,0.981375,0.99625,0.832
"751388",0.0106249999999999,0.01625,0.00012500000000001,0.00175000000000002
"751398",0.173750000000001,0.122125000000001,0.00137500000000003,0.00062499999999998
"751800",0.865,0.113999999999999,0.973,0.1185
"752507",0.000125000000000006,0.0367500000000001,0.0881249999999998,0.000624999999999989
"754957",0.00587500000000004,0.121375,0.0162499999999999,0.00162499999999999
"755099",0.00562499999999991,0.0388749999999998,0.0108749999999997,0.00100000000000008
"755379",0.000625000000000003,0.0422500000000003,0.00312500000000002,0.00262499999999997
"756269",0.00474999999999998,0.00262499999999997,0.71125,0.00350000000000005
"757829",0.0015,0.00175000000000004,0.721,0.00937499999999999
"758128",0.0345,0.0430000000000005,0.93025,0.0811249999999999
"758331",0.0177500000000001,0.00500000000000007,0.159375,0.00412499999999992
"758635",0.00112499999999999,0.036125,0.307375,0.00524999999999993
"759815",0.000875000000000023,0.0130000000000001,0.00362499999999987,0.00237500000000006
"764921",0.995,0.981625,0.726875,0.144875
"765272",1,0.981,0.98475,0.99825
"766300",0,0.00299999999999999,0.0118750000000001,0.00787499999999988
"766322",0.225625,0.3755,0.0746249999999996,0.421375000000001
"768348",0.00112499999999998,0.00762500000000001,0.707249999999999,0.00112499999999998
"770474",0.999375,0.997125,0.9975,0.855375
"771260",0.00600000000000004,0.02975,0.373125,0.149125000000001
"771298",0.00050000000000001,0.002125,0.0305,0.0055000000000002
"772782",0.000500000000000028,0.00899999999999987,0.45325,0.0401250000000002
"773245",0.92175,0.98625,0.00850000000000006,0.59475
"773640",0.99575,0.98225,0.9885,0.23825
"774391",0.374125,0.0431250000000001,0.949125,0.016875
"775192",0.342499999999999,0.80925,0.160375,0.501500000000003
"777235",0.986,0.62075,0.95,0.2545
"778764",0.1195,0.0652500000000002,0.674125,0.168124999999999
"780014",0.00562499999999981,0.00412499999999997,0.0603749999999999,0.0228749999999999
"780179",0.4885,0.464874999999999,0.3255,0.0203750000000001
"781038",1,0.997125,0.99825,0.983
"781703",0.000124999999999989,0.00224999999999996,0.430249999999999,0.000749999999999979
"782155",0.43225,0.406375,0.815125,0.0588749999999996
"782963",0.98575,0.95975,0.0381249999999999,0.00862499999999981
"783834",0.794750000000001,0.84575,0.947,0.903499999999999
"784383",0.883125,0.906124999999999,0.60175,0.617375
"785602",0.98725,0.935125,0.994625,0.89725
"785796",0.99975,0.9975,0.998125,0.998125
"787282",0.000124999999999998,0.004,0.0063749999999999,0.000374999999999993
"787393",0.9985,0.82825,0.97725,0.131
"787418",0.9975,0.998625,0.9925,0.99675
"788429",0.00524999999999988,0.579875,0.018125,0.00100000000000002
"788606",0.9995,0.995625,0.977625,0.91025
"789371",0.00462500000000002,0.01725,0.112750000000001,0.0600000000000004
"789597",0.000250000000000014,0.00787499999999998,0.929625,0.0928750000000004
"790122",0.907625,0.794375,0.9955,0.93025
"790705",0.159499999999999,0.0224999999999999,0.821875,0.0694999999999998
"793637",0.99925,0.998125,0.97475,0.992625
"794501",0.68825,0.312625000000001,0.00512499999999998,0.00287500000000002
"794515",0.448124999999999,0.404374999999998,0.844375,0.641000000000001
"794947",0.510625,0.0991249999999996,0.235375000000001,0.0676250000000003
"795772",0.999,0.984,0.844,0.218875000000001
"795892",0.0100000000000001,0.01425,0.030125,0.000500000000000045
"798486",0.998375,0.805375000000001,0.999,0.985625
"799658",0.99525,0.99625,0.993875,0.9755
"801006",0.662124999999999,0.924625,0.993875,0.995
"801313",0.00112499999999998,0.00337499999999996,0.00200000000000006,0.00175000000000005
"801336",0.353625,0.0705000000000004,0.0701249999999998,0.0152499999999998
"801558",0,0.00237499999999999,0.142375,0.000500000000000019
"801662",0.047125,0.0071249999999999,0.934,0.0545
"802138",0.0430000000000001,0.0674999999999999,0.00700000000000007,0.00112499999999997
"802858",0.326874999999999,0.6255,0.47125,0.826
"803407",0.933625,0.96075,0.37775,0.10825
"803503",0.929125000000001,0.940999999999999,0.96625,0.0569999999999998
"803833",0.992875,0.99625,0.998,0.9695
"805187",0.77675,0.800250000000001,0.983375,0.9325
"807526",0.000875000000000026,0.0392500000000003,0.0106249999999999,0.000250000000000014
"811695",0.1145,0.0424999999999997,0.000250000000000014,0.0103750000000002
"811903",1,0.99,0.9985,0.9965
"813998",0.985875,0.9975,0.98675,0.9985
"814747",0.992,0.972375,0.99775,0.990125
"817369",0.00200000000000014,0.0036249999999998,0.58275,0.00737499999999998
"817770",0.984,0.989375,0.647375000000001,0.41775
"818446",1,0.997625,0.993375,0.92375
"818920",0.00374999999999997,0.00600000000000003,0.024875,0.06275
"820100",0.99975,0.978875,0.995,0.98875
"821791",0.00900000000000005,0.00324999999999992,0.590625,0.0125000000000001
"822095",0.908125000000001,0.896750000000001,0.987625,0.98
"822363",0.688499999999999,0.599,0.879125,0.152874999999999
"822403",0.5715,0.33925,0.924500000000001,0.645374999999999
"823110",0.9885,0.3055,0.9845,0.0748750000000001
"823683",0.0466250000000001,0.163625,0.00799999999999999,0.0230000000000001
"825489",0.000374999999999992,0.00287500000000003,0.0526249999999999,0.0122500000000001
"825897",0.766375000000001,0.831875,0.897375,0.87475
"828021",0.231375,0.0243750000000001,0.90725,0.0138750000000001
"828326",0.999375,0.997,0.996875,0.98125
"828966",0.878249999999999,0.777625,0.37125,0.0853749999999999
"832062",0.765874999999999,0.92425,0.9755,0.76725
"835205",0.00824999999999997,0.0136249999999999,0.758874999999999,0.141375
"835506",0.257,0.162499999999999,0.903,0.0876250000000001
"836791",0.338874999999999,0.34225,0.000875000000000022,0.0960000000000002
"837358",0.999625,0.99375,0.99,0.7105
"837851",0.999625,0.962375,0.998375,0.990875
"838813",0,0.0112499999999998,0.0258750000000003,0.00862499999999986
"839429",0.00224999999999998,0.0618749999999997,0.91775,0.00474999999999999
"840002",0.106375,0.079125,0.504875000000001,0.347249999999998
"841513",0.0428750000000003,0.195000000000001,0.00937499999999993,0.79125
"842130",0.582625,0.422625000000001,0.991125,0.997125
"842639",0.00050000000000002,0.00287500000000002,0.703375,0.0085
"842958",0.00100000000000006,0.0379999999999999,0.000124999999999999,0
"843256",0.0678749999999996,0.0281250000000004,0.741625,0.0475000000000004
"845120",0.0241250000000001,0.0200000000000002,0.0136249999999998,0.00100000000000005
"845259",0.00337499999999999,0.071625,0.919875,0.0329999999999999
"845818",0.110625,0.0386250000000003,0.00412499999999994,0.162375
"848556",0.59875,0.8255,0.012625,0.00937499999999988
"849678",0.506249999999999,0.057125,0.833875,0.0565000000000002
"849706",0.0446250000000001,0.23,0.965875,0.690125
"850252",0.00062500000000001,0.00187499999999996,0.594,0.0273750000000004
"850616",0.150625,0.0791249999999998,0.559749999999999,0.18675
"850648",0.00100000000000007,0.301875,0.00112499999999999,0.00425000000000006
"851005",0.1715,0.608624999999999,0.446875,0.061
"853197",0.567249999999999,0.530499999999999,0.962375,0.305
"854747",0.0234999999999999,0.00387500000000002,0.7145,0.0162499999999999
"857049",0.00275000000000001,0.00337500000000001,0.647625,0.160000000000001
"859502",0.995,0.962375,0.870375,0.991125
"859916",0.00162500000000001,0.00487499999999992,0.0926250000000001,0.00474999999999998
"864107",0.99475,0.995625,0.998,0.992625
"864389",0.00437499999999998,0.0366249999999997,0.0516250000000001,0
"864393",0.16525,0.033,0.786125,0.169875
"865473",0.00137500000000003,0.00987499999999997,0.00237500000000005,0.000624999999999967
"865680",0.572874999999999,0.268125,0.819874999999999,0.289125
"868485",0.996875,0.99275,0.99025,0.84725
"869127",0.00112499999999996,0.00799999999999999,0.00575000000000005,0.00187499999999999
"869189",0.00100000000000004,0.0124999999999999,0.0491249999999999,0.00587499999999996
"872949",0.944125,0.974,0.992,0.749125
"874628",0.00900000000000004,0.014375,0.0946249999999997,0.00137500000000001
"874673",0.530625,0.695125,0.97575,0.68625
"877036",0.150625,0.0750000000000003,0.0416250000000002,0.00224999999999994
"878393",0.0015,0.01525,0.021625,0.0663749999999994
"878452",0.001125,0.0113750000000001,0.204,0.00474999999999997
"881090",0.0943750000000003,0.102125,0.92775,0.0328749999999999
"881098",0.00037499999999999,0.00575000000000005,0.000124999999999987,0.00550000000000015
"881319",0.9505,0.3405,0.969625,0.1565
"884121",0.017125,0.0433749999999998,0.012,0
"885434",0.999875,0.996125,0.99675,0.99475
"886014",0.72825,0.106375,0.974875,0.135125
"888162",0.214875,0.19925,0.958375,0.401625
"888595",0.00050000000000004,0.00524999999999985,0.000250000000000018,0.000374999999999992
"890603",0.98275,0.9945,0.9985,0.999875
"890966",0.83875,0.09225,0.926,0.0204999999999999
"893312",0.00374999999999997,0.01525,0.0386250000000001,0.0646250000000002
"895574",0.459500000000001,0.485,0.00650000000000004,0.0035000000000001
"895635",0.999875,0.99325,0.92925,0.381
"895683",0.6765,0.0706250000000002,0.8865,0.00425000000000001
"896032",0.691875,0.685875,0.950125,0.662125
"896075",0.999875,0.97875,0.979625,1
"896320",0.9965,0.987375,0.99425,0.626875000000001
"897822",0.000374999999999991,0.003875,0.00187499999999999,0.000250000000000015
"898921",0.993125,0.97075,0.996625,0.888625
"898952",0.998,0.992125,0.976,0.747875
"899227",0.785875,0.73825,0.98275,0.594500000000001
"899380",1,0.996,0.997875,0.974125
"901492",0.00212500000000002,0.0441250000000002,0.0111250000000001,0.000125000000000005
"902405",0.00374999999999997,0.00462500000000003,0.49,0.0931249999999997
"903042",0.864625000000001,0.83025,0.97575,0.031375
"903644",0.993625,0.959,0.9985,0.996875
"903973",0.921875,0.9085,0.906375,0.963625
"905154",0.922875,0.914500000000001,0.98825,0.570125
"906079",0.50975,0.233999999999999,0.02875,0.00062500000000001
"906883",0.978625,0.9445,0.973375,0.777125
"908475",0.014,0.0264999999999999,0.79525,0.00124999999999996
"908691",0.341,0.2575,0.205499999999999,0.0314999999999999
"909476",0.986375,0.93525,0.331,0.190375
"912944",0.00337499999999998,0.004,0.000250000000000016,0
"913210",0.00050000000000002,0.00350000000000003,0.00849999999999997,0.00775000000000006
"913873",0,0.00387500000000005,0.00462500000000003,0.000250000000000015
"914586",0.00524999999999989,0.00437500000000025,0.87125,0.00837499999999998
"915048",0.0436249999999999,0.109625,0.941625,0.318125
"916621",0.000374999999999992,0.00300000000000001,0.00362500000000001,0.000749999999999994
"918964",0.997375,0.8945,0.8185,0.0224999999999998
"918965",0.973375,0.973625,0.9985,0.96925
"920077",0.8385,0.489125,0.965125,0.0418750000000003
"920699",1,0.7815,0.991125,0.912875
"922849",0.604874999999999,0.368375,0.782999999999999,0.0126250000000001
"924791",0.000374999999999992,0.00337500000000003,0.00299999999999991,0.00687500000000003
"926732",0.999625,0.99075,0.321,0.187875000000001
"926743",0.809625000000002,0.596875000000002,0.000250000000000014,0.00149999999999996
"927567",0.9855,0.925375,0.951249999999999,0.987125
"928326",0.000374999999999996,0.002,0.00125,0
"929610",0.1815,0.142625,0.90525,0.1395
"930774",0.999375,0.99675,0.686249999999999,0.9275
"934096",0.999875,0.997375,0.9985,0.930875
"934214",0.99925,0.961125,0.99825,0.983375
"934480",0.999875,0.9915,0.989625,0.2515
"934527",0.00862499999999993,0.0544999999999995,0.0535000000000002,0.129625000000001
"935374",1,0.996375,0.986125,0.983875
"936159",0.746125000000001,0.787875,0.283,0.007125
"938445",0.0321249999999999,0.016375,0.23075,0.339750000000001
"942496",0.00737500000000003,0.00974999999999988,0.712,0.00762499999999994
"943667",0.000125000000000004,0.00425000000000002,0.028875,0.0112499999999999
"945658",0.000125000000000002,0.0102499999999999,0.468875000000001,0.0349999999999999
"946251",0.999625,0.976,0.998,0.979
"947334",0.401500000000001,0.0457499999999999,0.6355,0.015875
"947453",0.000624999999999977,0.00287500000000003,0.445874999999999,0.00100000000000002
"947778",0.00112499999999998,0.0123750000000001,0.00750000000000003,0.0208749999999998
"947900",0.00187499999999997,0.0211250000000001,0.0484999999999999,0.001625
"948559",0.28675,0.0316250000000006,0.780874999999999,0.0020000000000001
"949062",0.74925,0.72675,0.890875,0.624125
"949913",0.94825,0.763374999999999,0.87675,0.410250000000001
"953340",0.179624999999999,0.163125,0.762,0.0180000000000001
"953970",0.995,0.656875,0.992,0.300875
"954748",0.0224999999999999,0.00587500000000003,0.235125000000001,0.00125000000000002
"954763",0.0101249999999999,0.0127500000000001,0.949125,0.419000000000002
"956991",0.000500000000000013,0.00275000000000006,0.438874999999999,0.00637500000000002
"957172",0.871125000000001,0.856125000000001,0.823875,0.839375
"957762",0.00887500000000012,0.0338750000000005,0.73525,0.100375
"958859",0.0875000000000002,0.048,0.0769999999999994,0.0234999999999999
"960072",0.0326250000000001,0.206625,0.90725,0.0106249999999999
"960717",0.999375,0.9985,0.998875,0.9985
"961034",0.659375000000001,0.302749999999999,0.685,0.26675
"961425",0.00037499999999999,0.0373749999999995,0.0132499999999999,0.002
"961714",0.271125000000001,0.17075,0.945375,0.0128750000000002
"962521",0.017125,0.0071249999999999,0.33175,0.00224999999999996
"964616",0.8955,0.490750000000001,0.9715,0.00312500000000009
"965148",0.788375,0.933875,0.491249999999999,0.671375
"965588",0.9435,0.772000000000001,0.983375,0.068
"966741",0.941125,0.09525,0.954875,0.00449999999999987
"967576",0.992625,0.2125,0.99525,0.36525
"967697",0.034375,0.00949999999999996,0.0645000000000001,0.014625
"968549",0.524499999999999,0.537625,0.809125,0.440125
"968933",0.634125,0.356375,0.859375,0.00187499999999998
"971169",0.00687500000000003,0.02975,0.936375,0.11425
"975572",0.97975,0.862375,0.987,0.5045
"976826",0.00100000000000004,0.00924999999999994,0.00737500000000004,0.000875000000000015
"981437",0.0574999999999998,0.0433749999999998,0.9215,0.000624999999999991
"982440",0.82075,0.826125,0.22675,0.67425
"982458",0.128,0.199750000000003,0.991875,0.994125
"985351",0.0453750000000001,0.0264999999999998,0.164375,0.004375
"986253",0.0516250000000002,0.0638750000000002,0.231,0.00712499999999983
"987418",0.0176250000000001,0.0185000000000002,0.58825,0.353375
"987733",0.00162499999999996,0.00750000000000004,0.100375,0.0486250000000001
"989284",0.998375,0.870749999999999,0.997,0.97525
"990978",0.00137500000000004,0.003125,0.00212500000000001,0.000374999999999989
"996361",0.00662500000000008,0.0326250000000003,0.8825,0.853875
