"id","1","2","3","4","5","6","7","8a","8b","8c","8d","9","10a","10b","10c","11","12","13","14","15a","15b","15c","16","17","18","21","22"
809,1,1,0,1,0,0,1,1,0,1,1,0,1,1,1,0,1,1,0,1,1,1,0,1,1,1,1
994,0,1,0,0,0,0,0,1,1,1,0,1,1,0,1,0,0,1,0,1,1,1,0,0,0,0,1
2427,0,1,0,0,0,0,1,1,1,1,0,0,1,0,1,0,0,1,0,1,1,1,0,0,0,0,0
3128,0,1,0,0,1,0,1,1,1,0,0,0,1,1,1,1,1,1,1,1,1,0,0,1,1,0,1
6198,0,1,1,0,0,0,0,0,0,1,0,0,1,0,0,0,0,0,0,1,1,1,0,0,0,0,0
8702,0,1,1,1,0,0,0,1,1,1,1,0,0,0,1,0,0,1,0,1,1,1,1,1,1,0,0
9276,0,1,1,1,1,0,0,1,1,1,0,0,1,1,1,1,0,0,0,0,1,1,1,1,1,0,1
9767,0,0,0,1,0,0,0,1,0,1,0,0,1,0,0,0,0,1,0,1,0,1,0,0,0,0,0
11173,0,1,1,0,0,0,0,1,0,1,1,0,0,0,0,1,0,1,0,0,1,1,0,1,1,0,1
12199,0,1,0,0,0,0,0,1,1,1,1,0,1,1,0,0,0,1,0,1,1,1,0,1,0,0,1
12527,0,1,0,0,0,0,0,1,1,0,0,0,1,0,0,0,0,0,0,0,0,0,0,0,0,0,0
17737,0,0,0,1,0,0,0,0,1,1,1,0,1,0,0,0,0,0,0,0,1,0,0,0,1,1,0
18938,0,1,1,0,0,0,0,0,0,0,0,0,0,0,0,0,0,0,0,0,1,1,0,0,1,0,0
21112,0,1,0,1,1,0,1,1,1,1,1,0,1,1,1,0,1,0,0,1,1,1,1,1,1,1,1
22902,1,0,0,1,0,0,1,1,1,1,1,1,1,1,0,1,1,1,0,1,1,1,1,1,1,0,1
23192,1,1,0,0,1,0,0,1,1,1,0,1,1,0,0,1,0,0,1,0,1,1,1,0,1,1,1
23325,1,1,0,0,1,0,1,1,1,1,1,1,1,1,1,1,1,0,1,1,1,1,1,0,1,0,1
23489,0,1,1,0,0,0,0,1,1,1,1,0,1,1,1,0,0,1,0,1,1,1,1,1,0,1,0
23698,0,1,0,1,1,0,1,1,1,0,1,0,1,1,1,0,0,0,0,0,1,1,0,1,1,0,1
25828,1,1,1,0,1,0,0,1,1,1,0,0,1,1,1,0,0,1,0,1,1,1,1,1,1,1,1
26989,0,1,0,0,0,0,0,1,1,0,1,0,1,1,0,0,0,1,0,0,0,0,0,1,0,0,0
27008,1,1,0,0,0,0,0,0,0,1,0,1,0,1,0,0,0,0,0,0,1,0,1,0,0,0,0
27278,1,1,0,0,0,0,1,1,1,1,1,0,1,0,0,0,0,1,0,0,1,0,0,1,0,0,0
28196,1,1,0,1,0,1,1,1,1,1,0,0,1,0,1,0,1,1,1,1,1,1,1,1,1,1,1
29425,0,1,1,0,0,0,0,1,1,0,1,0,1,1,0,1,1,1,0,1,1,1,1,0,1,1,1
29751,0,1,0,0,0,0,0,0,1,1,0,1,0,0,0,0,0,0,0,0,0,1,0,0,0,0,0
29809,1,1,0,0,1,0,1,1,1,0,1,0,1,0,1,0,0,0,0,1,1,1,1,1,1,0,1
30289,0,0,0,0,0,0,0,1,1,1,0,0,1,1,1,0,0,1,0,0,0,1,0,0,0,0,0
30380,0,1,1,1,1,0,0,1,1,1,1,0,1,1,1,0,1,0,0,1,1,1,1,1,0,0,1
30616,0,0,1,1,0,0,0,0,0,0,0,1,1,0,0,0,0,0,0,0,1,0,0,0,0,0,1
32129,0,0,0,1,0,0,1,0,0,1,1,1,0,0,1,0,1,0,0,0,0,1,0,0,0,0,0
32712,1,1,0,0,0,0,1,1,1,1,0,1,1,1,1,1,0,0,0,0,1,1,1,0,1,0,1
35362,0,0,0,1,0,0,0,0,0,0,1,1,0,0,0,1,1,1,0,0,0,1,0,0,0,0,1
36116,0,1,0,1,0,0,0,1,1,1,1,0,1,0,0,0,0,0,0,0,0,0,0,0,1,0,0
36470,1,1,0,0,0,0,0,0,0,0,0,0,0,0,0,1,0,0,0,0,1,0,1,0,0,0,0
37048,0,0,0,0,0,0,0,1,0,1,1,0,1,0,0,0,1,0,0,0,1,1,0,0,1,0,1
37300,1,1,0,0,0,0,0,1,0,1,1,0,1,0,0,0,1,1,0,0,0,1,0,0,0,0,0
37487,0,0,0,1,0,0,1,0,0,1,0,1,1,1,1,1,1,1,0,0,0,0,0,0,1,1,1
37597,1,1,0,0,0,0,0,1,1,0,1,0,1,1,0,0,1,1,0,0,1,1,0,0,1,0,1
37908,0,1,0,0,0,0,0,1,1,1,1,0,1,1,0,0,0,1,1,1,1,1,0,0,1,0,0
38381,0,1,0,0,0,0,0,0,1,1,0,0,0,0,0,1,1,0,1,0,1,0,0,0,0,0,0
39517,0,0,0,0,0,0,1,1,0,1,0,0,1,0,0,0,0,0,0,0,0,1,0,0,0,0,0
39726,1,1,0,1,0,0,1,1,1,1,0,1,1,1,0,0,1,0,1,1,1,1,1,1,1,1,1
39913,0,0,0,1,0,0,0,1,0,0,0,1,1,0,0,0,0,1,0,0,0,1,0,0,0,1,0
42281,0,1,0,0,0,0,1,1,0,1,0,0,1,0,0,0,0,1,0,0,1,0,1,0,1,0,1
42834,1,1,0,0,0,0,1,0,0,1,0,0,0,0,0,0,0,1,1,1,1,1,0,0,1,1,0
42948,1,1,0,0,0,0,0,1,0,0,0,0,0,0,0,0,0,0,0,0,0,1,0,1,0,0,0
42995,0,0,0,0,0,0,0,1,1,1,0,0,1,1,0,0,1,1,0,0,0,1,0,0,1,0,0
44807,1,0,0,0,0,0,0,0,0,1,0,1,0,0,0,0,1,1,0,0,1,0,0,0,0,0,0
45643,1,0,0,0,0,0,1,1,1,1,1,1,1,0,1,1,0,0,0,1,1,1,1,0,1,1,1
46782,1,1,0,0,0,0,0,1,1,1,1,0,0,0,0,0,0,1,1,1,1,1,0,0,1,0,0
47925,0,1,0,0,0,0,1,1,1,1,1,1,1,0,1,0,0,1,0,1,1,0,0,0,1,0,0
48629,1,1,0,0,1,0,1,1,1,1,0,0,1,1,0,1,0,0,1,0,0,0,0,0,1,1,1
50639,1,1,0,1,0,0,1,1,1,1,0,0,1,1,1,0,1,1,0,1,1,1,0,1,0,1,1
51245,0,1,0,0,0,0,0,1,1,1,1,0,1,0,0,1,0,0,1,1,0,0,0,0,1,0,0
51827,1,1,1,0,1,0,0,1,1,1,1,1,1,1,0,1,0,0,0,0,1,1,1,0,1,0,0
52343,1,1,0,1,0,0,1,1,1,1,0,0,1,0,1,0,0,1,1,0,1,1,0,0,1,1,1
53407,0,0,0,0,0,0,0,1,1,1,0,0,1,0,0,0,1,0,1,0,1,0,1,1,0,0,0
53457,0,0,0,0,0,0,0,0,1,1,0,1,1,1,0,0,1,0,0,0,1,0,0,0,0,0,0
55512,0,0,0,1,0,0,0,0,1,1,1,1,1,1,0,1,0,0,0,0,0,1,0,0,0,0,0
55621,1,1,0,1,0,0,0,1,1,1,1,0,1,1,1,1,1,1,1,0,1,1,1,1,1,1,1
56187,0,0,0,0,0,0,1,0,1,1,1,0,0,0,0,1,0,0,0,0,0,1,0,1,0,0,0
58030,0,0,1,1,0,0,0,0,1,1,1,0,1,1,1,1,0,1,0,0,1,1,1,0,1,0,0
58846,1,1,1,0,0,0,1,1,1,0,1,0,1,1,0,1,1,1,0,1,1,1,1,1,1,1,0
59036,1,1,0,0,1,0,0,1,1,1,1,0,1,1,0,1,1,0,1,0,1,1,1,0,1,0,0
59076,1,1,1,1,0,0,1,1,0,0,0,0,0,0,0,0,1,1,0,0,1,1,1,1,0,0,1
61353,0,1,0,1,0,0,1,1,0,1,1,0,1,1,0,0,0,1,0,0,0,1,1,0,0,0,1
62708,0,0,0,1,0,0,0,0,1,0,0,1,1,1,0,0,0,0,0,0,0,1,1,0,0,0,1
65306,0,1,0,1,0,0,1,1,1,1,1,0,1,1,1,1,0,1,0,1,1,1,0,0,0,0,0
66116,0,1,0,0,0,0,0,1,1,1,1,0,0,0,0,0,0,0,0,1,1,1,1,0,1,0,1
67754,1,1,0,0,0,0,0,1,1,0,1,0,1,1,0,0,0,0,0,0,0,0,0,0,0,0,0
68599,0,1,0,0,1,0,0,1,1,0,0,0,1,1,1,1,0,1,0,1,1,1,0,1,0,0,0
70709,1,1,1,0,0,1,0,1,1,0,1,0,0,0,0,0,0,0,0,0,0,1,0,0,0,0,0
72160,0,1,0,0,0,0,0,1,1,0,0,0,1,0,0,0,0,1,0,0,0,0,1,1,1,0,0
72657,0,1,0,0,0,0,1,1,1,1,0,0,1,0,0,0,0,1,0,0,0,1,0,0,0,0,1
74166,1,1,0,1,1,0,0,1,1,0,1,1,1,1,1,1,1,0,0,0,1,1,0,1,0,0,0
75129,0,0,0,1,0,0,1,0,1,1,0,1,0,0,0,1,0,0,0,0,1,1,1,0,0,0,1
75968,0,1,0,0,0,0,0,1,1,0,1,0,1,0,1,0,0,0,0,1,1,0,1,0,0,0,0
77015,1,1,1,0,0,0,0,1,1,1,1,0,1,1,0,0,0,1,1,1,1,1,1,1,1,0,0
78128,0,0,0,0,0,0,0,0,1,0,1,0,1,1,1,0,0,1,0,0,0,1,0,0,0,0,0
78675,1,1,1,1,0,0,0,1,1,1,1,0,1,0,1,1,0,0,0,0,1,1,0,0,1,0,0
78814,1,1,0,0,1,0,0,1,1,1,1,0,1,1,0,0,0,0,0,0,1,1,0,1,1,1,1
79169,0,1,0,0,1,0,1,1,1,1,1,0,1,0,1,0,1,0,0,0,0,0,1,0,0,0,0
79745,0,1,0,0,0,0,0,1,1,1,0,0,1,1,0,0,0,0,0,1,1,1,0,1,1,0,1
79971,1,1,1,1,0,0,1,1,1,1,0,0,1,1,1,0,1,0,0,1,1,0,1,1,1,1,1
80682,1,1,0,0,0,0,1,1,1,1,1,0,1,1,1,0,0,1,0,0,1,1,1,0,0,0,0
82033,1,1,1,0,0,0,1,1,1,1,0,1,1,1,1,0,1,1,0,1,1,1,1,0,1,0,1
82222,0,1,0,0,1,0,0,1,0,1,1,1,0,0,0,1,0,1,0,0,0,1,1,0,1,0,0
82254,0,1,1,0,1,0,1,0,1,0,0,0,0,0,0,1,0,1,0,1,1,1,1,1,1,0,0
82367,0,0,1,0,0,1,0,1,0,1,0,1,0,0,0,0,1,0,0,1,1,1,0,0,0,0,0
85983,0,1,0,0,0,0,0,1,0,1,0,0,1,0,0,0,0,1,0,0,0,1,1,0,0,1,0
86845,0,1,0,0,0,0,1,1,0,0,0,0,0,0,0,1,0,1,0,0,0,0,0,0,0,0,0
87065,1,1,0,1,0,0,1,1,0,0,0,1,1,1,1,0,0,1,0,0,0,0,0,0,1,0,1
88278,0,1,1,1,0,0,0,1,0,1,0,1,1,1,0,1,0,0,0,1,1,0,0,0,0,1,1
89635,0,1,0,0,1,0,1,0,0,0,0,0,1,0,0,1,0,0,0,1,0,0,1,0,1,0,1
91743,0,1,1,0,0,0,0,1,1,1,1,0,1,1,0,0,0,1,0,0,0,0,0,1,0,1,0
91809,1,1,0,0,0,0,1,1,1,1,0,0,1,1,0,1,1,0,0,0,0,1,1,1,1,0,1
91914,1,1,1,0,1,0,1,1,1,1,0,0,1,0,0,1,0,1,0,0,1,1,0,0,1,0,1
92128,0,1,1,0,0,0,1,1,1,1,1,0,1,1,0,0,0,0,1,1,1,1,0,1,1,0,0
93363,1,1,1,1,1,0,1,1,1,1,1,0,1,1,1,1,0,1,0,0,1,1,1,0,1,0,1
94901,0,1,1,0,0,0,0,1,0,1,1,1,0,0,0,1,0,0,1,1,1,1,0,0,0,0,1
95379,0,1,0,1,1,0,1,1,1,1,1,1,1,1,1,0,0,1,0,1,1,1,1,1,1,1,0
95449,1,0,0,1,1,0,1,0,0,0,0,0,1,1,0,1,1,0,1,0,0,0,0,0,1,0,0
95616,1,1,1,0,0,0,0,1,1,1,1,0,1,1,0,1,1,1,0,1,0,1,0,0,0,0,1
96699,1,1,1,0,1,0,1,0,1,1,1,1,1,1,0,0,1,0,0,0,0,0,1,0,1,1,0
97744,1,1,0,1,1,0,1,1,1,1,1,0,1,1,1,1,1,1,0,0,1,1,1,0,1,0,1
98301,0,0,0,0,0,0,1,1,0,0,0,0,0,0,0,0,1,0,0,0,0,1,0,0,0,0,1
100955,0,1,0,0,0,0,1,0,1,1,0,0,0,0,0,0,0,0,1,0,0,0,0,0,0,0,0
101299,0,1,0,0,0,0,1,1,1,1,1,0,1,0,0,0,0,1,0,1,1,1,0,0,1,0,0
101745,0,1,1,1,0,0,1,1,1,1,1,0,1,1,0,1,0,1,0,0,1,1,0,0,1,0,0
103291,0,1,1,0,0,0,0,1,1,1,1,0,1,1,1,0,0,0,0,1,1,1,1,0,1,1,1
104795,1,1,0,1,1,0,0,1,1,1,0,0,1,0,0,1,1,1,0,1,1,1,0,1,1,0,1
104943,0,1,0,0,0,1,0,1,1,1,1,0,1,1,1,0,0,1,0,1,1,1,0,1,0,0,0
108857,0,1,0,1,1,0,1,0,0,0,0,0,0,0,0,1,1,1,0,1,1,1,0,0,1,1,1
109504,1,1,1,1,0,0,1,1,1,1,1,0,1,1,1,0,1,1,0,0,1,1,1,1,1,1,1
110589,1,1,1,0,1,0,1,1,1,1,1,1,1,1,1,1,1,1,0,1,1,1,1,0,1,1,1
112994,0,1,0,1,0,0,0,1,1,1,0,0,1,1,0,1,1,0,0,0,1,0,0,0,1,1,0
113558,0,0,1,0,1,0,1,1,1,1,1,0,1,1,1,1,0,1,1,1,1,1,1,1,1,1,1
113765,0,1,0,0,0,0,0,1,1,0,1,1,0,0,0,0,0,0,0,0,1,1,0,0,0,0,1
113852,0,1,0,0,0,0,1,1,1,1,0,0,1,1,0,0,0,1,0,1,1,1,0,1,1,0,0
114980,1,1,0,0,0,0,0,1,1,1,1,0,0,0,0,0,0,1,0,0,0,0,0,0,0,0,0
115386,0,0,0,0,1,1,1,1,0,1,1,0,1,1,1,0,0,1,0,1,1,1,0,0,1,1,1
115451,0,1,0,0,0,0,1,1,1,1,0,0,1,0,1,0,1,1,0,0,0,0,1,0,0,0,0
116280,1,0,0,0,0,0,0,0,0,1,1,1,1,0,0,0,0,1,1,0,0,0,0,0,0,0,0
120734,0,1,0,0,0,0,0,1,1,1,0,0,0,0,0,0,0,0,0,1,1,1,0,1,0,1,1
122345,0,1,0,0,0,0,0,1,0,1,0,1,0,0,0,0,0,0,0,1,1,0,0,0,0,0,1
123536,1,1,0,0,1,0,0,1,1,1,1,0,1,1,1,0,1,0,1,1,1,1,1,1,0,0,1
124926,0,0,1,1,0,0,0,1,1,0,1,0,1,1,1,0,0,0,0,1,1,1,0,0,0,0,0
125607,1,1,0,0,0,0,0,1,1,1,1,0,1,0,0,0,1,1,0,0,0,0,0,0,0,1,1
125777,0,0,0,0,0,0,0,0,0,1,1,0,1,1,0,0,0,0,0,0,1,0,0,0,1,0,0
126493,0,1,0,0,0,0,0,1,1,1,0,0,1,0,0,0,0,1,0,0,0,1,1,0,1,1,0
126534,0,1,1,0,0,1,0,1,1,0,0,0,1,1,0,0,0,0,0,1,1,0,0,0,1,0,0
127666,1,0,1,0,1,0,1,1,1,1,1,0,1,0,1,0,0,0,0,1,1,1,1,0,1,1,0
129353,0,0,0,1,0,0,1,1,1,1,1,0,1,1,1,0,0,1,1,1,1,0,0,0,1,1,1
130090,0,1,0,0,0,0,0,0,0,0,1,0,1,1,0,0,0,0,0,0,1,0,0,0,0,0,0
131360,0,1,0,0,1,0,1,1,1,1,1,0,0,0,0,0,0,0,0,0,0,0,0,0,0,0,0
132851,0,1,1,1,1,0,0,1,1,1,1,0,0,1,1,1,0,1,1,1,1,1,1,1,1,1,1
133060,0,1,0,0,0,0,0,0,1,1,1,0,1,0,1,0,1,0,0,0,1,0,0,0,0,0,1
133796,1,0,0,1,1,0,0,0,1,1,1,0,1,0,0,0,0,0,0,0,1,1,0,0,0,0,1
137047,1,1,0,1,0,0,0,1,1,1,1,0,0,0,0,0,0,0,0,0,0,1,0,0,1,0,0
138008,1,1,1,1,1,0,0,1,1,1,1,0,1,1,0,1,0,1,1,1,1,1,0,1,1,1,0
138181,0,1,1,0,1,0,0,1,0,1,0,0,1,1,0,0,0,0,0,1,1,1,0,0,0,0,0
138501,1,1,0,0,0,0,0,1,0,1,1,0,0,0,0,0,0,0,0,1,1,1,0,0,1,0,1
138579,0,1,0,0,0,0,1,1,0,1,1,0,1,1,0,1,1,0,1,1,1,1,1,1,1,1,1
140783,0,1,0,1,0,0,0,1,1,1,0,1,1,0,0,1,0,0,1,1,1,1,1,0,1,1,1
141540,0,1,0,0,0,0,1,1,1,1,0,1,1,0,0,0,0,0,0,0,0,0,0,0,1,0,0
141823,0,1,0,0,0,0,0,1,0,1,0,0,1,0,0,0,1,0,0,0,1,0,0,0,1,0,0
142401,1,0,0,0,0,0,0,1,1,1,1,0,0,0,0,0,1,0,0,1,1,1,0,0,1,0,0
142994,1,0,0,0,1,0,0,0,0,1,0,0,0,0,0,1,0,0,0,0,0,1,0,0,0,0,0
143070,0,1,1,0,1,0,0,1,1,1,0,0,1,0,0,0,0,0,0,1,1,1,0,0,0,0,1
143326,1,1,0,0,0,0,0,1,1,1,1,0,1,1,1,0,1,0,0,0,0,0,0,0,1,1,1
144470,1,1,0,0,0,0,0,1,1,1,1,0,1,1,1,0,1,1,0,1,1,1,1,1,1,1,1
145494,0,1,0,0,0,0,0,1,1,1,1,0,1,0,1,0,0,0,0,1,0,0,1,0,1,0,0
147477,0,1,0,1,0,1,1,1,1,1,0,1,1,1,0,0,1,1,0,1,1,1,1,1,0,1,1
148351,0,1,0,0,0,0,0,0,0,1,1,0,0,0,0,1,0,0,0,0,0,0,1,0,0,1,1
149344,0,1,1,1,0,0,1,0,1,1,0,1,0,0,0,1,0,1,0,0,0,1,0,0,0,1,0
153261,1,1,1,1,0,0,0,1,1,1,1,0,0,0,0,0,0,1,1,1,1,1,1,0,1,0,1
154078,0,0,0,1,1,0,0,1,0,1,0,0,0,0,0,1,0,0,0,1,1,1,1,0,1,1,1
155598,1,1,0,0,1,0,0,1,1,1,1,0,0,0,0,0,0,0,1,0,0,0,0,0,1,0,1
157460,0,1,0,0,0,0,0,1,1,1,0,0,1,0,0,0,0,0,0,0,1,0,1,0,0,0,0
159479,1,1,0,0,0,0,0,1,1,1,1,0,1,0,0,1,0,1,0,1,1,1,0,0,0,0,0
160449,0,1,0,0,0,0,1,1,0,1,0,0,1,0,0,0,0,0,0,1,1,0,1,0,0,0,1
160667,0,1,0,0,0,0,0,1,0,1,1,0,0,0,0,0,1,1,0,1,1,1,0,0,0,0,0
161584,1,1,1,1,1,0,0,1,1,1,1,1,1,1,1,1,1,1,1,0,0,1,1,1,1,1,1
161893,0,1,0,0,0,0,1,0,0,0,0,0,0,0,0,0,0,0,0,0,0,1,1,0,1,0,0
162075,1,1,0,0,1,0,0,1,1,0,1,0,1,1,0,0,1,0,0,0,0,1,0,0,1,1,1
163403,0,1,0,0,0,0,0,1,1,1,1,0,1,1,0,0,0,0,0,0,0,0,1,0,0,0,0
163956,1,1,0,0,0,0,1,1,1,1,1,1,1,1,0,0,0,1,0,1,0,1,1,0,0,0,1
166514,0,0,0,1,0,0,0,1,1,0,0,0,0,0,0,0,0,0,0,0,1,0,0,0,0,0,0
168942,1,0,1,1,1,0,1,1,0,1,1,0,1,0,1,1,0,0,0,1,1,1,1,1,0,1,1
169928,0,1,1,1,0,0,1,0,1,0,0,1,1,0,0,0,0,1,0,0,1,1,0,0,0,1,1
170812,0,1,0,0,0,0,0,0,1,1,1,0,1,1,0,0,0,1,0,0,0,0,0,0,0,0,0
170908,0,1,1,0,1,0,1,1,1,1,0,0,1,1,0,0,1,1,0,1,1,1,1,0,1,1,1
171801,0,1,0,1,0,0,1,1,1,1,0,0,0,0,0,0,1,0,0,0,1,1,1,0,1,1,1
172365,0,0,1,1,0,0,0,1,1,1,0,0,1,0,0,0,0,1,0,1,1,1,0,0,1,0,1
174131,1,1,1,0,0,1,0,1,1,0,0,0,0,0,0,0,0,0,0,1,1,1,0,0,1,0,1
175084,0,1,1,0,0,0,0,0,1,0,1,0,0,0,0,0,0,0,0,1,1,1,0,0,1,0,1
175957,0,1,0,0,0,0,0,1,0,1,0,0,0,0,0,0,0,1,0,0,0,0,1,0,1,0,0
176072,1,1,0,0,1,0,1,1,0,1,1,0,1,0,0,1,0,1,1,1,0,0,1,1,1,1,1
176695,0,1,0,0,0,0,1,1,1,1,1,0,1,1,1,1,1,1,0,1,1,1,0,1,1,0,0
177317,0,0,0,1,0,0,0,1,1,1,1,0,1,0,0,0,0,0,1,0,1,0,0,0,1,1,0
180628,0,1,1,0,1,0,0,0,0,0,1,0,1,0,0,0,0,0,0,0,1,1,1,0,1,0,1
180799,0,1,1,1,1,0,1,1,1,1,0,1,1,0,1,0,0,1,0,0,1,1,0,1,1,1,1
182239,0,1,1,0,0,0,0,0,0,0,0,1,1,0,0,0,0,1,0,0,0,1,0,0,0,0,1
182470,0,1,0,0,0,0,0,1,0,1,0,0,1,0,0,0,0,0,0,0,0,1,1,0,1,0,0
182668,0,0,0,1,0,0,0,0,0,1,0,0,1,1,1,1,0,0,0,0,0,1,1,0,0,0,0
183836,0,0,0,0,0,0,0,1,0,1,0,0,0,0,0,0,0,0,0,0,1,1,0,0,0,0,0
185546,1,1,0,0,0,0,0,0,1,1,0,0,1,1,0,0,1,1,0,0,1,0,0,0,0,0,0
185934,1,1,0,0,0,0,0,1,1,1,0,1,1,1,1,1,0,0,0,1,1,0,0,1,1,0,1
188971,1,1,1,1,0,0,0,1,1,1,1,0,1,1,0,0,0,1,0,0,1,0,1,0,0,0,0
189354,0,0,0,0,0,0,1,1,1,1,0,1,1,1,1,0,0,1,0,0,0,1,0,0,1,0,0
189381,0,1,1,0,0,0,1,1,1,1,0,0,1,0,0,0,1,0,0,1,1,1,1,0,0,0,0
189599,0,0,1,0,1,0,0,0,0,1,0,0,0,0,0,1,0,0,0,0,1,0,1,0,0,0,1
193574,0,1,0,0,1,0,0,1,0,0,0,0,1,1,1,0,0,0,0,1,1,0,1,0,1,1,1
193772,0,1,0,0,1,0,1,1,1,0,0,0,1,1,0,0,1,0,0,0,1,1,0,0,0,0,0
194250,1,1,0,0,0,0,1,1,1,1,1,0,1,1,1,1,1,0,1,1,1,1,0,0,1,1,0
194808,1,0,1,1,1,0,0,0,1,1,1,0,1,0,0,0,0,1,0,0,0,0,0,0,0,0,0
194935,1,1,0,0,1,0,0,1,1,0,0,0,0,0,0,0,1,1,0,0,0,1,1,0,0,0,0
195908,0,0,0,0,1,0,0,1,0,0,1,0,1,1,1,0,0,0,0,0,1,1,1,1,1,1,1
196274,0,1,1,0,0,0,0,1,1,1,0,0,1,0,0,0,0,1,0,0,1,1,1,1,1,0,0
196972,0,1,0,0,0,0,0,0,1,0,1,1,1,0,0,0,0,0,0,1,0,0,0,0,1,0,0
200397,0,0,0,0,0,0,0,0,0,1,1,1,1,0,0,1,1,0,0,0,0,0,0,0,0,0,0
200558,0,1,0,1,0,0,0,1,1,1,0,0,1,1,0,1,0,0,0,1,0,1,0,1,1,0,1
201930,1,1,0,0,1,0,0,1,1,1,1,0,1,1,0,1,0,1,0,1,0,1,1,1,0,0,1
202277,0,1,0,0,1,0,1,1,1,1,0,1,1,1,1,1,0,0,0,0,0,0,1,0,1,1,0
202595,1,1,0,1,1,0,1,1,1,0,1,0,1,1,0,1,1,0,1,1,1,1,1,0,1,1,1
202706,0,1,0,0,0,0,0,1,1,1,0,0,1,0,0,0,1,1,0,0,0,0,0,0,0,1,1
202708,1,1,0,1,1,0,0,1,1,0,1,1,1,1,1,0,0,0,0,1,1,1,1,1,1,1,0
202787,0,1,1,0,0,0,0,1,1,1,1,0,1,0,1,1,0,1,1,1,1,1,0,1,1,1,1
204518,1,1,0,0,0,0,1,1,1,1,0,0,0,0,0,0,1,1,1,0,1,0,1,0,0,1,0
206425,0,1,0,0,0,0,0,1,1,1,1,0,1,0,0,0,0,0,0,1,1,1,0,0,0,0,1
206708,1,1,0,0,0,1,0,1,1,1,1,1,1,1,1,1,1,0,0,1,1,1,1,1,1,1,1
207043,0,1,1,0,0,0,0,1,1,1,1,1,0,0,0,0,0,1,0,1,1,1,1,1,0,1,0
207192,0,1,0,1,0,0,1,1,1,1,1,0,1,1,1,0,1,0,0,0,0,0,1,0,0,0,0
207712,1,1,0,0,0,0,1,1,1,0,0,0,1,1,0,0,1,1,0,0,0,0,1,0,0,1,1
208402,0,1,0,0,1,0,0,0,0,0,0,0,0,0,0,1,0,0,0,0,0,1,0,0,0,0,0
211985,0,1,0,1,0,0,1,1,1,1,0,0,1,0,1,1,0,0,0,0,1,0,0,0,1,0,0
212550,1,1,0,0,0,0,0,1,0,0,1,0,1,0,0,1,0,0,1,1,1,1,1,0,1,0,1
212917,1,1,0,1,0,0,0,1,0,0,0,1,1,1,1,1,0,0,0,0,0,1,0,0,0,0,0
213509,0,0,0,0,0,0,0,0,0,0,0,0,1,1,0,0,1,0,0,0,1,1,0,0,0,0,0
215263,0,1,1,0,1,0,1,1,1,0,0,0,1,0,1,1,0,0,0,0,1,0,1,1,1,1,1
216136,0,0,1,0,1,0,0,0,0,0,0,0,1,0,0,0,0,1,0,1,1,1,0,1,0,0,0
216251,0,1,0,1,1,0,1,1,1,1,1,0,1,1,1,1,0,1,0,0,0,0,1,0,1,0,1
217337,0,0,0,0,1,0,1,1,1,1,0,0,0,0,0,1,0,0,1,0,0,1,1,0,1,0,1
217798,1,1,1,1,0,1,0,1,0,0,0,0,0,0,0,0,1,1,0,0,1,1,1,0,1,0,0
217799,0,1,0,0,0,0,0,1,0,1,1,1,1,1,1,0,0,0,0,1,1,1,0,0,1,0,1
220158,0,1,0,0,0,0,0,1,1,1,0,0,1,1,0,0,1,1,0,0,1,1,0,0,0,0,0
221040,0,0,0,0,0,0,0,0,0,1,1,0,0,0,0,1,1,1,0,0,1,1,0,0,1,1,0
221042,1,1,0,1,1,0,1,1,1,0,0,1,1,1,1,0,0,1,0,0,0,0,1,0,0,1,0
221606,0,1,0,1,1,0,0,1,1,1,1,1,1,0,0,1,0,1,1,0,1,1,1,1,1,0,1
222042,0,1,0,0,0,0,0,1,0,1,0,0,0,0,0,0,0,1,0,0,0,0,0,0,0,0,0
222242,1,0,1,1,1,1,1,1,1,1,1,0,1,1,0,1,1,0,0,1,1,1,0,1,1,1,1
226867,1,1,0,0,1,1,1,1,1,1,0,0,1,1,1,1,1,0,0,1,1,1,1,1,1,0,0
227430,0,1,0,0,0,0,1,1,1,1,1,1,0,0,0,0,1,1,0,0,0,0,0,0,0,0,0
229376,1,1,1,0,0,0,0,1,1,0,1,0,1,1,1,0,1,1,1,1,0,1,0,0,1,1,1
229991,0,1,1,0,0,1,0,1,1,0,1,0,1,1,1,1,0,1,0,1,1,1,0,0,1,0,0
230800,0,1,0,0,1,0,0,0,1,1,0,0,0,0,0,0,1,1,0,0,0,0,1,0,0,0,0
231023,1,1,0,1,0,0,1,1,1,1,1,0,1,1,1,1,0,0,1,1,1,1,0,1,1,1,1
231497,0,1,0,0,0,0,1,0,1,0,0,0,1,1,0,1,0,1,0,0,1,1,0,0,0,1,1
232499,0,0,1,0,0,0,1,1,0,0,0,0,0,0,0,0,1,0,0,1,1,1,0,0,0,0,1
233092,0,1,0,0,1,1,0,0,1,1,0,0,1,0,1,0,0,0,0,0,1,0,0,0,0,0,0
236156,0,1,0,1,0,0,0,1,1,1,0,0,1,0,1,0,0,0,1,0,1,0,0,1,0,0,1
236458,0,1,0,0,0,0,1,0,0,1,1,0,0,0,0,0,0,0,0,1,0,1,0,0,0,0,0
237544,1,1,0,1,0,0,0,1,1,1,1,0,0,0,0,0,0,0,0,0,0,0,0,0,0,1,1
241332,1,1,0,0,0,0,0,1,1,1,1,1,1,0,1,0,0,1,0,1,1,0,1,0,0,0,0
241491,1,1,0,0,0,1,0,1,1,0,0,0,1,1,0,0,0,1,0,1,1,1,1,0,0,1,0
245744,0,0,1,0,0,0,0,1,1,1,1,0,1,1,1,0,1,0,0,0,1,1,1,1,0,1,1
246480,1,1,0,0,0,0,0,1,1,1,0,0,1,0,1,1,0,0,0,1,0,1,0,0,0,1,1
246949,0,1,0,0,0,0,1,0,0,1,0,0,1,0,0,0,0,0,0,0,0,0,1,0,0,1,0
247283,0,0,0,0,0,0,0,0,1,1,1,1,1,1,0,0,0,1,0,1,1,1,0,0,1,0,1
250369,0,1,1,0,1,0,0,0,0,0,1,0,1,0,0,1,0,0,0,1,1,1,1,1,1,0,0
252814,0,0,1,0,0,0,0,0,0,0,0,0,1,1,0,0,1,0,0,1,1,1,0,0,1,0,1
253228,1,0,0,0,1,0,1,0,0,1,0,1,1,1,1,1,1,0,0,0,1,1,1,1,1,1,1
253937,1,1,1,1,1,0,1,1,1,0,1,0,1,1,0,1,0,0,1,1,1,1,1,0,1,0,1
254309,1,1,0,0,0,0,1,1,1,0,0,1,1,1,1,0,0,1,1,1,1,1,0,1,1,0,0
255753,0,0,0,0,0,0,0,1,1,0,0,0,1,1,1,1,0,0,0,1,1,1,0,1,0,0,0
258406,0,1,0,1,0,0,0,1,1,0,0,0,1,1,0,1,0,0,0,1,1,1,0,1,0,0,1
258786,1,0,1,0,0,1,0,1,1,1,1,0,1,0,0,0,0,0,0,1,1,1,1,0,1,0,0
258908,1,0,1,0,1,0,0,1,1,1,1,1,1,1,0,0,1,1,0,1,1,1,0,1,1,1,1
260546,1,1,0,0,0,0,1,1,1,0,0,0,1,1,1,1,1,1,0,1,1,1,1,0,0,1,1
261260,0,1,0,1,0,0,1,0,1,1,0,0,0,0,0,0,1,0,0,0,0,0,0,1,0,1,0
262762,0,1,0,0,0,0,0,1,0,1,1,1,0,0,0,1,0,0,0,0,1,0,1,0,0,0,1
265021,0,1,1,0,0,0,1,1,1,0,0,0,1,0,1,0,0,1,0,1,0,1,0,1,1,0,1
265887,0,1,0,0,0,0,0,1,1,1,0,0,1,0,1,0,0,0,1,0,1,0,0,0,1,0,0
266070,1,1,0,0,0,0,1,1,1,1,1,0,1,1,1,1,1,1,1,1,1,1,1,1,1,0,1
266671,1,1,0,1,1,0,1,1,0,1,1,0,1,1,0,1,1,1,0,1,1,1,1,0,1,0,1
267787,1,1,0,0,1,0,0,1,0,1,1,0,1,1,1,1,0,1,0,1,1,1,0,0,0,0,0
268193,0,1,0,0,0,1,1,1,0,0,1,1,1,1,1,1,0,0,1,0,1,1,0,1,1,0,1
268243,0,1,1,1,1,0,1,1,1,0,1,0,1,1,1,0,0,1,0,0,1,0,0,0,1,0,1
269555,1,1,0,0,1,0,1,1,1,1,0,0,0,0,0,0,1,0,0,0,1,0,0,1,1,0,1
270380,0,1,0,0,0,0,0,0,0,0,0,0,0,0,0,0,0,1,0,0,0,0,0,0,0,0,0
270409,0,1,0,1,1,0,1,1,1,0,1,1,1,1,1,0,1,0,0,0,1,1,1,1,1,0,1
270727,0,0,1,0,1,0,0,0,0,0,0,0,0,0,0,0,0,0,0,0,0,1,0,0,0,0,0
272947,1,1,0,0,0,0,1,1,0,0,0,0,0,0,0,0,0,1,1,0,0,0,0,0,0,0,0
273269,1,1,0,0,0,0,0,1,0,1,1,0,1,1,0,1,0,0,0,0,1,0,1,0,0,1,1
273375,0,1,0,1,1,0,0,1,0,0,0,0,1,1,1,1,1,0,0,0,0,0,0,0,1,0,1
275256,1,0,0,0,0,0,1,1,1,0,1,0,1,1,1,1,1,1,0,1,1,1,1,1,1,0,1
275720,1,1,0,0,0,0,0,1,1,1,1,1,1,1,1,0,0,1,1,1,1,1,1,1,1,0,1
279044,0,1,0,1,0,0,0,1,1,1,0,0,1,1,1,0,0,0,0,1,1,1,1,0,1,0,1
279690,0,1,0,0,0,0,0,1,0,1,0,0,0,0,0,0,1,1,0,0,0,0,1,0,0,0,1
281801,1,1,1,0,0,1,0,1,1,1,0,0,1,0,0,0,1,1,0,1,1,1,0,0,1,0,1
282621,1,1,0,0,0,0,0,1,1,0,1,0,0,0,0,0,0,0,0,0,0,0,0,0,0,0,1
284683,1,0,1,0,0,0,0,0,0,1,0,0,0,0,0,0,0,1,0,1,1,1,1,1,0,0,1
285018,1,1,0,0,0,0,0,1,1,1,1,0,1,1,1,1,0,1,1,0,1,0,1,0,0,0,1
285134,0,1,0,0,1,0,1,1,0,0,1,0,1,1,1,1,1,1,0,0,0,0,0,0,1,1,0
285557,1,0,1,1,1,0,1,0,0,1,0,1,1,1,1,1,1,1,1,1,1,1,1,1,1,0,1
285940,1,1,0,0,1,0,0,1,0,1,1,0,0,0,0,1,0,0,0,0,0,0,0,0,0,0,0
287010,1,1,1,0,0,0,1,1,1,0,0,0,1,1,1,0,0,1,1,1,1,1,0,0,0,0,1
288447,1,0,0,1,0,0,1,1,1,1,0,0,1,1,1,1,1,1,1,0,1,1,1,1,1,0,1
288787,0,1,0,0,0,0,0,0,0,0,0,0,0,0,0,0,0,1,0,0,0,0,0,1,0,0,0
290814,1,0,0,0,0,0,1,1,1,0,0,1,1,1,0,0,0,1,0,1,1,1,0,0,0,0,0
291341,0,1,0,0,0,0,0,0,0,1,0,0,0,0,0,0,0,0,1,0,0,1,1,0,1,0,0
291717,0,1,0,1,0,0,0,1,1,1,0,1,1,0,1,1,0,1,0,0,0,0,0,0,0,0,0
292110,0,0,0,0,0,0,1,1,1,1,1,0,1,0,0,0,0,1,0,0,1,0,0,0,0,0,1
292566,1,1,1,1,1,0,1,1,1,1,1,0,1,1,1,0,1,0,0,1,1,1,1,1,1,0,1
294108,0,1,0,0,1,0,1,0,1,1,0,0,1,0,0,0,1,1,0,1,1,1,1,0,0,0,0
294893,1,0,0,0,0,0,1,1,1,1,1,1,1,1,1,1,1,0,0,1,1,1,1,0,1,0,1
296052,0,1,1,0,0,0,0,1,1,1,1,0,1,1,0,1,1,0,0,1,1,1,0,0,0,0,0
296869,0,1,1,0,0,0,1,1,1,1,1,1,1,0,0,0,1,0,1,0,1,1,1,1,0,0,1
297132,1,1,0,1,0,0,1,1,1,0,1,0,1,1,0,0,1,1,1,1,1,0,1,1,1,0,1
298241,1,0,0,1,0,0,0,1,1,1,1,0,1,1,0,1,0,1,0,0,0,0,1,0,0,1,0
299130,1,1,0,0,0,0,0,1,1,0,1,0,1,1,1,1,0,0,0,0,0,1,0,0,0,0,0
299794,1,1,1,0,1,0,1,1,1,1,1,0,1,1,1,1,1,1,0,0,1,1,1,1,0,0,1
302217,1,1,0,1,1,0,0,1,0,0,1,0,1,1,1,1,1,1,0,0,0,0,1,0,1,1,0
303087,1,1,1,0,1,0,0,1,1,1,1,0,1,1,1,0,1,1,1,1,1,1,1,0,1,1,1
303219,0,1,0,0,0,0,0,1,1,1,0,0,0,0,0,0,1,0,0,1,0,1,0,0,0,1,1
304340,0,1,0,0,1,0,1,1,1,1,1,0,0,0,0,1,0,0,0,0,1,0,1,0,1,0,0
304750,0,1,0,0,0,0,0,0,0,1,1,1,0,0,0,0,1,1,0,0,0,0,0,0,1,0,0
305000,0,1,0,1,0,0,0,0,1,0,0,0,1,1,0,1,0,0,0,0,1,1,0,0,0,0,0
305317,0,1,0,0,1,0,0,1,1,1,1,0,0,0,0,0,1,1,0,1,1,0,1,0,1,0,0
306043,0,1,1,0,0,0,1,1,1,1,0,1,1,1,0,0,1,0,0,1,1,1,0,1,1,1,1
306309,1,0,0,0,0,0,0,1,1,1,0,1,0,0,0,0,0,0,1,0,1,1,1,0,0,0,0
307583,0,0,0,0,0,0,0,1,1,1,1,0,1,0,0,0,0,0,0,1,0,1,0,1,0,0,1
308588,1,1,0,0,0,1,0,1,1,0,1,0,1,0,1,0,1,0,0,1,1,1,0,1,1,0,1
309352,0,1,0,1,0,0,0,0,1,0,1,0,1,1,0,0,0,0,0,1,0,1,1,0,1,0,1
310411,0,1,1,1,1,0,0,1,0,1,0,0,0,0,0,0,0,0,0,1,1,1,0,0,1,1,1
312511,0,0,1,0,0,0,0,1,0,0,0,0,1,1,0,0,0,0,0,1,1,1,0,0,0,0,1
313892,1,1,0,0,0,0,0,1,1,1,1,0,1,1,0,1,0,0,1,0,0,0,0,0,1,0,0
315209,0,0,0,0,0,0,1,0,0,0,0,0,0,0,0,0,0,0,1,1,1,0,0,0,0,0,0
316224,0,1,0,0,0,0,0,1,0,1,1,0,1,0,1,1,0,0,0,1,0,0,0,0,1,1,0
321974,0,1,1,1,0,0,0,1,1,1,1,0,1,1,1,0,1,1,0,1,0,0,0,1,1,1,1
322995,0,0,0,0,0,0,0,1,0,1,0,1,1,0,0,1,0,0,0,0,1,1,1,0,0,0,1
323382,0,1,0,0,0,0,0,1,1,1,1,0,1,0,0,1,0,1,0,1,1,1,0,0,1,0,1
325532,0,1,0,0,0,1,1,1,1,0,1,0,1,0,0,0,0,1,0,0,1,1,0,0,0,0,0
326374,1,0,0,1,1,0,0,1,1,1,0,0,1,0,0,1,1,1,0,1,1,1,1,0,0,0,1
327517,0,0,0,0,0,0,0,0,0,0,0,1,1,0,0,0,0,0,0,0,1,1,1,1,0,0,0
327825,1,1,1,0,0,0,1,1,1,1,1,1,1,1,1,1,1,1,0,0,0,1,1,0,0,1,0
328916,0,1,0,0,0,0,1,1,1,1,0,1,1,0,1,0,0,0,0,0,0,0,0,0,0,1,0
332855,0,1,1,0,0,0,1,1,0,1,0,1,1,0,0,0,0,1,0,1,1,1,0,1,0,0,1
333625,1,1,0,0,1,0,0,1,1,0,1,0,1,1,1,1,1,1,0,0,0,0,1,0,1,1,0
338247,1,0,0,0,1,0,0,1,1,1,1,0,1,0,1,0,0,1,0,1,1,1,0,0,0,0,1
338553,1,1,0,1,0,0,0,1,1,1,0,0,1,1,1,1,0,1,0,0,0,0,0,0,0,1,0
340251,0,1,0,0,0,0,0,1,0,1,1,0,1,0,0,0,0,0,0,0,1,1,0,0,0,0,0
342329,1,0,0,0,1,0,1,1,1,1,1,0,1,0,1,0,0,1,0,1,1,0,1,0,1,1,1
342406,1,1,0,0,0,0,0,1,1,1,1,0,1,1,0,0,0,0,0,0,1,1,0,0,1,0,1
344202,0,1,0,0,0,0,0,1,1,0,1,1,1,1,1,1,1,0,1,1,1,1,0,1,1,1,1
344652,1,1,0,1,1,0,1,1,1,0,0,0,1,1,1,0,0,1,1,1,1,1,0,0,0,1,1
347425,1,0,1,0,0,0,0,1,1,1,1,1,1,1,1,1,1,1,1,0,1,1,0,1,1,0,0
350690,0,1,0,1,0,0,1,1,0,1,0,0,1,0,0,0,0,0,0,0,1,0,1,0,0,0,0
351668,1,1,1,0,1,1,1,1,1,1,1,1,1,1,1,1,0,1,0,1,1,0,1,1,1,1,0
351710,1,1,1,1,1,0,1,1,0,1,1,1,1,1,1,1,1,1,0,1,0,1,1,0,1,1,1
352024,0,1,0,0,0,0,1,1,1,1,0,0,0,0,0,1,0,0,0,1,1,1,0,1,1,0,0
352599,1,1,0,1,0,0,1,1,0,0,0,0,1,0,0,0,0,0,1,1,1,1,1,1,1,1,1
353023,0,1,0,0,0,0,1,0,0,0,1,0,1,1,0,0,0,0,0,0,0,0,0,0,0,0,0
353233,0,1,1,0,0,0,0,0,1,0,1,0,0,0,0,1,0,0,0,0,1,0,0,0,0,0,1
354481,0,0,0,0,0,0,1,0,1,0,0,0,1,1,1,0,0,0,0,0,1,0,0,0,0,0,0
354564,1,1,0,0,1,0,1,1,1,0,1,1,1,1,1,0,0,1,0,0,1,1,1,0,1,0,0
354885,0,1,0,0,1,0,0,1,1,0,1,0,0,0,0,0,1,1,0,0,1,0,0,0,1,0,0
358534,0,0,0,0,0,0,0,1,0,1,1,0,0,0,0,0,1,0,0,0,0,1,0,0,1,0,0
359156,1,1,1,0,0,0,1,1,1,1,0,0,1,1,1,0,1,1,0,0,1,1,1,1,1,1,1
359550,1,0,0,0,0,0,0,0,1,0,0,0,0,0,1,0,0,1,0,1,0,0,0,0,0,0,0
360948,1,1,0,0,0,0,1,1,1,0,1,0,0,1,1,1,1,0,0,1,1,1,1,1,1,1,0
361250,1,1,0,0,1,0,0,1,1,0,1,0,1,0,0,1,0,0,0,1,1,1,0,1,1,1,1
364484,0,1,0,0,0,0,0,0,0,1,0,1,0,0,0,0,1,1,1,0,0,0,0,0,1,0,0
365182,1,1,0,1,1,0,0,1,1,1,1,1,1,1,1,1,0,1,0,0,0,0,0,0,0,0,1
366620,0,1,0,0,1,0,1,0,0,1,0,0,0,0,0,0,1,0,0,0,1,0,1,0,0,1,1
367447,0,1,0,0,0,0,1,0,1,1,1,0,0,0,0,1,1,1,0,0,1,1,1,0,0,0,0
367804,1,1,0,1,0,0,0,0,1,0,0,0,1,0,0,0,0,0,0,0,0,0,0,0,1,0,0
368009,0,1,1,0,0,0,0,1,1,1,0,0,1,0,1,0,0,1,0,1,1,1,1,0,0,1,1
368669,1,0,0,0,1,0,1,1,1,0,0,1,1,1,1,1,1,1,0,1,1,0,1,0,1,1,1
369598,1,1,0,1,1,0,1,1,0,0,0,0,1,1,1,0,1,1,0,1,1,1,0,1,0,0,0
369714,1,1,0,0,0,0,1,1,1,1,1,0,1,1,1,0,1,1,0,1,1,1,1,1,0,0,1
369821,0,1,0,0,0,0,0,0,0,0,0,0,1,0,0,0,0,0,0,0,0,0,1,0,1,0,0
370275,0,1,0,0,1,0,0,1,1,1,0,1,1,0,0,0,0,0,0,0,0,1,1,0,0,0,0
373147,0,0,1,1,0,0,1,1,0,1,0,0,1,1,0,0,0,1,0,1,1,1,1,0,1,1,1
374977,0,1,0,0,0,0,1,0,0,1,0,0,1,1,1,0,0,0,0,1,0,1,0,0,0,0,0
375080,1,1,1,0,0,0,0,1,1,0,1,0,1,1,1,0,1,1,0,1,1,1,1,1,1,0,1
375846,0,1,0,0,0,0,0,0,0,1,1,0,0,0,0,0,0,0,0,0,0,0,0,0,1,0,0
376654,1,1,0,0,1,0,0,1,0,0,1,0,1,1,1,1,1,0,1,1,1,1,1,0,1,1,1
377211,0,0,1,0,0,0,0,1,0,1,1,0,1,0,1,0,0,1,0,0,1,0,0,0,0,1,0
377260,1,1,0,1,1,0,0,1,1,0,1,0,1,0,0,0,1,0,0,0,1,1,0,0,0,0,1
377524,0,1,1,0,0,0,1,1,0,0,0,0,1,1,0,0,0,1,1,1,1,1,0,0,1,0,1
377802,0,0,0,0,1,1,0,1,1,1,1,1,1,0,1,0,0,1,0,0,1,1,1,1,1,0,1
377860,0,1,1,1,0,0,0,0,1,0,0,1,0,0,0,0,0,0,0,0,0,1,0,1,1,0,1
379116,1,1,0,1,1,0,1,1,1,1,1,0,1,1,1,1,0,0,1,1,1,1,1,1,1,1,1
379230,0,0,0,0,0,0,0,0,0,0,1,0,1,0,0,1,0,0,0,0,1,0,0,0,0,0,0
379921,1,1,0,0,1,0,1,1,0,1,0,1,1,1,1,0,1,1,0,1,0,1,1,0,1,0,1
379967,1,1,0,0,1,0,0,1,1,1,1,1,0,1,1,1,1,0,0,1,1,1,1,0,1,0,1
380685,0,1,0,0,0,0,1,0,1,1,1,0,1,0,0,0,0,0,1,0,1,1,0,0,0,0,0
381115,1,1,0,0,0,0,0,0,0,1,0,0,1,0,1,0,0,1,0,0,0,0,1,0,0,0,0
382577,0,1,0,0,0,0,0,1,0,1,1,0,0,0,0,0,0,0,0,1,1,1,0,1,1,0,0
382777,1,1,0,0,1,0,1,0,1,1,0,0,1,1,0,1,0,1,0,1,1,1,0,0,1,0,1
385501,0,1,0,1,0,0,0,0,0,0,0,0,1,0,1,0,0,1,0,1,0,1,0,0,0,0,0
385649,0,1,0,0,0,0,1,1,1,1,1,0,1,1,0,0,0,0,1,0,0,0,0,0,0,0,0
385808,1,1,0,0,0,0,1,1,1,1,1,1,1,0,1,1,1,0,0,0,0,0,1,0,1,1,1
386162,1,1,0,0,0,0,1,1,1,0,0,1,1,1,1,0,1,0,0,0,1,0,0,0,1,0,1
388340,0,0,0,1,1,0,0,1,0,1,0,1,1,1,0,1,0,1,1,1,1,1,1,0,1,1,1
388799,1,1,1,1,1,0,1,0,1,1,1,0,1,1,0,0,0,1,0,1,0,1,0,0,1,0,1
390016,1,1,0,0,0,0,1,1,1,1,0,1,1,1,1,0,1,0,0,0,0,0,0,1,0,0,0
390111,1,1,0,1,0,0,0,1,1,0,1,0,1,1,1,1,0,1,1,0,0,1,1,0,1,1,1
390509,1,1,0,1,1,0,1,1,1,0,0,0,1,1,0,1,0,1,0,0,1,1,0,1,1,0,1
391313,1,1,0,0,1,0,1,1,0,1,0,1,1,0,1,1,1,1,1,0,1,1,0,1,1,1,0
392725,1,1,0,0,0,0,0,0,0,1,1,0,1,1,1,0,0,1,0,0,0,0,1,0,1,0,1
393839,0,1,1,0,0,0,1,1,0,0,1,1,1,0,0,0,0,1,0,1,1,1,1,0,0,0,0
394028,0,1,0,0,0,1,1,1,0,1,0,0,0,0,0,0,0,0,1,0,1,1,0,1,1,0,0
394295,0,0,0,1,1,0,0,0,0,0,1,0,1,0,1,0,1,0,0,1,1,1,1,1,1,1,1
394485,0,1,0,0,1,0,0,1,1,1,1,0,1,1,1,0,0,0,0,1,1,1,0,0,0,0,1
394832,0,1,0,0,0,0,1,1,1,1,1,0,1,0,1,1,1,0,0,1,1,1,0,1,0,0,1
395292,1,1,1,1,1,0,0,1,0,0,1,1,1,1,1,1,1,1,1,0,1,1,0,0,1,0,1
396911,0,1,0,0,0,0,1,1,1,0,1,1,1,0,0,1,1,1,1,1,0,0,0,0,1,0,0
398808,1,1,1,1,1,0,1,1,1,1,0,0,1,1,1,1,1,1,0,1,1,1,0,1,1,1,1
399427,1,0,1,0,0,0,1,1,1,0,1,0,1,1,0,0,0,0,1,1,1,1,1,1,1,1,0
399617,0,1,0,0,1,1,0,1,1,1,0,1,1,0,0,0,0,0,0,0,0,1,1,0,0,1,0
401359,0,0,0,0,0,0,0,1,1,1,0,1,0,0,0,0,0,0,0,0,0,1,1,0,0,1,0
402102,0,1,0,1,0,0,1,0,0,0,1,0,1,0,0,0,0,0,0,1,0,0,0,0,0,1,1
402662,1,1,0,1,1,0,1,0,1,0,0,1,0,0,0,0,0,0,0,0,0,0,0,0,0,0,0
404193,0,1,0,1,1,0,1,1,1,1,0,0,1,1,1,0,0,0,0,0,0,0,0,0,0,0,0
404358,0,1,0,0,0,0,0,0,0,0,0,1,0,0,0,1,0,1,0,0,0,0,0,0,0,0,1
404542,1,1,1,0,1,0,0,1,1,1,0,0,1,1,1,1,0,0,1,1,1,1,0,1,0,0,0
404672,0,1,0,0,1,0,1,1,1,0,0,0,1,1,1,0,1,0,0,1,0,0,1,0,0,0,0
405844,0,0,1,0,0,0,0,1,0,1,0,0,0,0,0,0,0,0,0,0,1,1,0,1,1,1,1
406082,1,0,0,1,0,0,1,1,0,1,0,1,1,0,0,1,1,1,0,0,0,1,0,0,0,1,1
406656,0,1,1,0,0,0,0,1,1,1,1,1,1,1,1,0,1,0,0,1,0,1,1,0,0,0,1
406854,1,1,0,1,0,0,1,1,1,1,0,0,1,0,0,0,1,1,0,0,1,0,1,0,0,0,0
407980,0,1,0,1,0,0,1,0,0,1,0,1,0,0,0,1,0,0,0,0,0,1,0,0,0,0,0
408017,0,1,0,0,0,0,0,1,1,1,1,0,1,1,0,0,0,0,0,0,0,1,1,0,1,1,0
408088,1,1,0,0,1,0,1,1,1,1,1,0,1,1,1,1,0,0,0,1,1,1,1,1,1,0,0
408367,0,1,0,0,0,1,0,1,0,1,0,0,1,1,0,0,1,0,0,1,1,1,0,0,1,0,1
408821,1,1,0,0,0,0,0,1,1,1,1,0,1,0,0,0,1,1,0,1,1,1,0,0,0,0,0
410083,0,1,1,0,0,1,0,1,1,1,1,1,1,1,0,1,0,1,0,1,1,1,0,1,0,1,1
410333,0,1,0,0,1,0,1,1,1,1,0,0,0,0,0,1,0,0,0,0,1,1,1,0,1,1,0
410474,0,1,0,1,1,0,0,1,1,1,0,0,1,1,1,0,0,1,0,1,1,1,0,0,1,0,0
410704,0,1,1,0,0,0,0,1,1,1,0,0,1,1,0,0,0,1,0,1,1,1,0,0,0,0,1
414003,0,1,0,1,1,0,0,1,0,1,1,1,1,0,0,0,0,0,0,1,0,1,1,0,0,0,1
414840,0,1,0,0,0,0,1,1,1,1,1,0,1,0,0,1,0,0,0,0,0,0,0,0,0,0,0
415602,1,0,0,0,1,0,0,0,1,0,0,0,0,1,0,1,0,0,0,0,0,1,1,0,0,1,1
417087,0,1,0,0,0,0,1,1,1,0,1,0,1,1,1,0,1,1,0,1,1,1,1,0,0,0,1
417112,0,1,1,0,1,1,0,1,1,1,1,0,1,1,0,1,1,1,0,1,1,1,1,1,1,1,0
419466,1,1,0,0,1,0,0,1,1,1,1,1,1,1,1,0,0,0,0,0,0,0,0,0,1,1,0
419692,0,0,0,0,0,0,0,1,1,1,0,1,0,0,0,0,1,0,0,0,1,1,0,0,1,0,1
420862,0,1,0,0,0,0,1,1,1,1,1,1,1,1,1,0,0,1,0,1,1,0,1,0,0,0,0
422419,0,1,0,0,0,0,1,1,1,1,1,0,0,0,0,0,0,0,0,0,1,0,0,0,0,0,0
422936,0,1,0,0,0,0,0,1,1,1,1,0,1,0,1,0,0,0,0,0,0,0,0,0,0,1,1
423056,1,1,0,0,0,0,0,1,1,0,1,0,1,1,0,0,0,1,0,0,0,0,1,0,0,1,1
423214,0,1,0,0,1,0,1,1,1,1,1,1,1,1,1,0,1,0,0,0,0,0,1,0,1,0,1
424211,1,0,0,1,0,0,0,0,1,0,0,1,1,1,0,0,0,1,0,0,1,1,0,1,1,0,1
424730,1,1,0,0,0,0,0,1,0,0,0,1,1,1,0,0,1,1,0,1,0,0,1,0,0,0,1
425839,0,1,0,0,1,0,0,1,1,1,1,0,1,0,0,0,1,1,0,1,1,1,0,0,0,0,0
426374,0,1,0,0,0,0,0,0,0,1,0,0,0,0,0,0,0,1,0,0,0,0,0,0,0,0,0
427361,1,1,1,0,0,0,1,1,1,1,1,0,1,1,0,0,0,0,0,1,1,1,1,0,0,1,1
427590,1,1,0,0,0,0,0,1,1,0,1,0,1,1,1,0,1,0,0,0,0,1,0,0,0,0,0
429128,0,1,0,0,0,0,1,1,0,0,0,0,0,0,0,0,0,0,0,1,0,0,0,1,1,0,1
431190,0,1,0,0,0,0,1,1,1,0,1,1,1,0,1,1,0,0,0,0,0,0,0,0,0,0,1
431877,0,1,1,1,0,0,1,0,0,1,0,0,1,1,0,0,0,1,0,1,1,1,0,0,0,0,1
432310,0,1,1,0,0,0,0,1,1,0,1,1,0,0,0,0,1,0,0,0,1,1,0,1,1,0,1
434471,0,1,0,0,0,0,0,0,0,1,1,0,0,0,0,0,0,1,0,0,1,1,0,0,0,0,0
434679,1,1,1,0,1,0,1,1,1,1,1,0,1,1,1,1,1,0,0,1,1,1,1,0,1,1,1
435745,0,1,0,0,0,0,0,0,0,0,0,0,0,0,0,1,0,1,0,0,1,1,0,0,1,0,1
436930,0,1,1,0,1,0,0,1,1,1,0,1,1,1,0,1,1,1,0,1,1,1,0,1,1,0,1
438418,0,1,0,1,0,0,0,1,0,0,1,0,1,0,0,0,0,1,1,0,0,0,1,0,1,0,0
438544,1,1,1,0,0,0,0,1,1,1,0,0,0,0,0,0,0,1,0,0,0,1,0,0,0,0,0
439746,1,1,0,1,1,0,1,1,1,1,0,0,1,1,1,1,1,1,1,1,1,1,1,1,1,1,0
441785,0,1,0,0,0,0,0,1,1,0,1,0,1,1,1,1,0,1,0,1,1,1,0,0,1,0,0
441855,0,0,1,0,1,0,0,1,1,0,1,0,1,0,0,0,0,0,0,1,1,1,1,0,0,0,1
442825,0,0,0,1,0,0,1,0,1,0,0,0,0,0,0,0,0,0,1,0,0,0,1,0,0,0,0
444948,0,1,1,0,1,0,1,1,1,1,1,1,1,1,0,0,0,1,0,1,1,1,0,0,1,1,1
445806,1,1,1,1,1,1,1,1,1,1,0,1,1,1,0,1,1,1,0,1,1,1,0,1,1,1,1
446139,0,0,0,0,0,0,0,0,0,1,0,1,0,0,0,0,0,0,1,0,1,1,0,0,1,1,0
448125,0,1,1,0,0,0,0,0,1,0,0,0,1,0,0,0,1,0,0,0,1,1,0,0,0,1,0
448464,0,1,0,0,0,0,0,0,0,1,0,0,0,0,0,0,0,0,0,0,1,1,0,0,0,1,0
448595,0,1,0,0,0,0,0,0,0,0,1,1,0,0,0,0,0,0,0,0,0,0,0,0,1,0,0
449291,1,0,0,0,0,0,0,0,1,0,1,1,0,0,0,1,0,0,0,0,0,0,1,0,1,0,1
449326,0,1,0,0,0,0,0,0,1,0,1,0,0,0,0,0,0,0,0,0,0,0,0,0,1,0,0
449699,1,0,1,0,1,0,0,1,1,0,1,0,1,1,0,0,1,0,1,0,1,1,0,1,0,0,1
451570,0,1,0,0,0,1,0,0,0,0,0,1,0,0,0,1,0,1,0,1,1,1,0,1,1,0,1
451638,0,1,1,0,0,0,1,1,1,1,1,0,1,0,0,1,0,0,0,0,1,1,1,0,1,0,0
452341,0,1,0,1,0,0,0,1,1,1,1,1,1,1,1,1,0,0,0,0,0,1,1,0,1,0,1
453044,1,1,0,0,0,0,0,1,1,1,1,1,1,1,1,0,1,1,0,0,0,0,1,0,1,0,0
454851,1,1,0,0,1,0,0,1,1,1,0,0,1,1,0,0,0,1,0,1,1,1,1,1,1,0,0
456157,1,1,0,0,1,0,1,1,1,0,1,1,1,1,1,0,1,1,0,0,0,1,0,0,0,0,0
456331,0,1,0,0,1,0,1,1,1,1,1,0,1,1,1,1,1,1,0,1,1,1,1,0,1,0,1
462246,0,1,0,1,0,0,0,0,1,0,1,1,1,1,0,0,1,1,0,1,1,1,1,0,0,0,1
462353,0,1,0,0,0,0,1,1,1,1,1,1,1,1,0,0,0,0,1,0,1,1,0,0,0,0,0
467868,0,1,1,0,0,0,1,1,1,1,0,1,1,1,0,0,1,0,1,0,1,1,0,0,1,1,1
468828,0,1,0,0,0,0,0,1,1,1,1,0,1,0,0,0,0,1,0,1,1,1,0,0,0,1,0
469756,1,1,0,1,0,0,1,1,1,0,0,0,0,0,0,1,1,0,0,0,0,1,1,0,1,0,1
469900,0,1,0,0,0,1,1,1,1,1,1,0,1,1,0,0,1,0,1,0,1,1,1,0,0,1,0
470166,0,1,0,0,1,0,0,1,1,0,1,0,1,1,0,1,0,1,0,1,1,1,0,0,0,0,1
470472,1,1,1,0,0,0,1,1,1,1,1,0,1,1,1,0,0,1,0,1,1,1,0,0,1,1,1
471854,1,1,0,0,1,0,1,1,1,1,1,0,1,1,1,1,1,0,0,1,1,1,1,1,1,1,1
473847,1,1,1,1,1,0,1,1,1,1,0,0,1,1,0,1,1,1,0,1,0,1,0,1,1,1,0
474182,0,0,0,0,0,0,0,1,0,1,1,0,0,0,0,1,0,1,0,0,0,0,1,0,1,0,0
474486,1,1,1,0,0,0,1,1,1,1,1,1,1,0,1,0,1,1,0,0,1,1,1,0,1,0,1
474502,0,1,1,1,0,0,0,1,1,1,1,0,1,0,1,0,1,0,0,0,1,1,0,0,1,0,0
477052,1,1,0,0,0,0,0,0,1,1,1,0,1,1,0,1,0,0,0,0,1,0,1,0,1,0,0
478120,1,1,1,1,0,0,0,1,0,1,1,1,1,0,1,0,1,1,0,1,1,1,1,0,1,0,1
478962,0,0,0,0,1,0,0,0,0,0,0,0,0,0,0,0,0,0,0,0,0,0,0,0,0,0,0
479593,1,1,1,0,0,0,0,1,1,1,0,1,1,1,1,1,0,0,0,1,1,0,0,0,1,0,1
481397,1,1,0,0,1,0,0,1,1,0,1,0,1,0,0,1,0,1,0,1,1,0,1,0,0,0,0
483995,0,1,0,0,0,0,1,1,1,1,0,0,1,1,0,1,0,1,1,1,1,1,0,0,0,0,0
484825,0,0,0,0,0,0,0,1,0,1,0,0,1,1,1,0,0,0,0,0,1,1,1,0,1,0,0
485844,0,1,1,0,0,0,0,1,1,1,0,0,1,0,0,0,0,0,0,1,1,1,0,1,0,0,0
486189,1,1,0,1,0,0,0,1,1,1,1,1,1,1,0,1,1,0,1,1,1,1,0,1,1,0,0
489935,1,1,0,0,0,0,0,1,0,0,0,0,1,0,0,0,0,0,0,0,0,1,1,0,1,1,1
491194,0,1,0,0,0,0,0,0,0,0,0,0,1,0,0,0,0,0,0,0,1,1,0,1,0,0,1
494056,1,1,0,1,0,0,0,1,0,1,1,0,1,0,0,0,0,0,0,0,0,0,1,0,1,1,1
495430,0,1,0,0,1,0,0,1,1,1,1,0,1,1,0,1,0,1,0,1,1,1,0,1,1,0,1
495668,0,1,1,0,0,0,0,0,1,0,0,1,1,0,0,0,0,0,0,0,1,1,0,0,0,0,0
496844,0,1,0,0,0,0,0,1,0,0,0,0,1,1,0,0,0,0,0,0,1,0,0,0,0,0,0
497306,0,1,0,0,0,0,0,1,1,1,1,0,1,0,0,0,0,0,0,0,0,0,0,1,1,0,1
497579,1,1,0,1,0,0,1,1,1,1,1,0,1,1,0,1,0,1,1,1,1,1,0,0,1,0,1
497743,0,1,0,1,1,0,0,1,0,1,0,1,0,0,0,0,0,0,0,0,0,0,0,0,0,0,0
498268,1,1,1,0,0,0,0,1,1,1,0,0,0,1,0,0,0,1,0,0,1,1,0,0,1,0,1
498370,0,1,0,1,1,0,0,0,1,0,0,0,1,0,0,0,0,0,0,0,0,1,1,0,0,0,1
499838,0,1,0,0,0,0,0,0,1,1,0,0,0,0,0,0,1,1,1,0,0,0,1,0,0,1,0
500170,0,1,0,0,0,0,0,0,0,1,1,0,0,0,0,0,0,0,0,0,0,1,0,0,0,1,0
500717,0,1,0,0,0,0,0,1,1,1,0,1,1,1,1,0,0,0,0,1,0,1,0,1,1,0,1
500749,1,1,1,0,0,1,1,1,0,1,1,0,1,0,1,1,1,1,0,0,1,1,1,1,1,1,1
500902,0,1,0,0,0,0,0,0,0,0,0,0,0,0,0,1,0,1,0,0,0,0,0,0,0,0,0
501222,1,1,0,0,1,0,0,0,0,0,0,0,0,0,0,0,0,0,0,0,0,1,0,0,0,0,0
502653,0,1,0,0,0,0,1,1,1,1,1,0,0,0,0,0,0,0,0,0,1,0,0,0,1,0,0
504164,1,0,0,0,0,0,1,1,1,0,1,1,1,0,1,0,0,0,0,0,1,1,0,0,1,0,1
505129,1,1,0,0,1,0,0,1,1,0,1,1,1,1,0,1,1,0,0,1,1,1,0,0,0,0,1
505294,1,1,1,0,0,0,0,1,0,0,0,0,0,1,0,1,1,1,0,1,1,1,1,1,1,1,1
506707,0,1,0,0,0,0,0,1,1,0,1,0,0,0,0,0,0,0,0,0,0,0,0,0,0,1,0
507694,1,0,0,1,1,0,0,1,0,0,0,0,1,0,1,1,1,1,1,1,1,1,1,0,1,0,0
508968,1,1,0,1,0,0,0,1,1,1,1,1,1,1,1,0,0,0,0,0,1,1,1,0,0,0,0
510823,1,1,0,0,0,0,0,1,1,1,1,0,1,1,0,0,0,0,0,1,1,1,0,0,0,0,1
511603,1,1,0,0,1,0,0,1,0,1,0,0,1,0,0,1,1,0,0,0,0,1,1,0,1,1,1
512733,0,0,0,1,1,0,0,1,1,1,1,1,1,1,0,1,1,0,0,0,1,0,0,0,0,0,0
514087,1,1,1,1,0,0,0,1,1,1,1,0,0,0,0,0,0,0,0,0,1,0,0,0,0,0,0
515855,1,1,0,0,0,0,0,1,1,1,1,1,1,1,0,1,0,0,1,0,1,1,0,1,1,1,1
516054,1,1,1,0,0,1,1,1,1,1,0,0,1,0,0,0,1,0,0,1,1,1,0,1,0,1,0
517534,0,1,1,0,0,0,1,1,1,1,1,1,1,0,1,0,0,1,0,1,0,0,0,0,1,0,1
517666,0,1,0,1,0,1,0,1,1,1,0,0,1,0,1,1,0,1,0,0,0,1,1,0,0,0,1
517957,0,1,1,0,1,0,0,1,1,1,1,1,1,1,1,1,1,0,0,1,1,1,1,0,0,1,1
518319,0,1,0,0,0,0,0,0,1,0,1,0,0,0,0,0,0,1,0,0,0,1,0,0,0,0,1
519583,1,1,0,0,0,0,1,1,1,1,1,1,1,1,0,1,0,0,0,0,0,1,0,0,0,0,1
520070,0,1,0,1,0,0,1,0,0,1,0,0,0,0,0,0,0,1,1,0,0,0,1,1,1,0,0
520802,1,1,0,0,0,0,1,1,1,1,0,1,0,0,0,1,0,1,0,0,1,1,1,1,0,1,0
522169,1,1,0,0,0,0,1,1,1,1,1,0,1,0,0,1,1,1,0,0,1,0,0,0,0,0,1
522393,0,0,1,0,0,0,0,1,1,1,0,0,1,1,0,0,0,0,0,0,1,1,0,0,0,0,0
528077,0,1,0,0,0,0,0,1,1,0,1,0,0,0,0,0,0,1,0,0,1,1,0,1,1,0,1
529885,0,1,0,0,0,0,1,0,0,0,0,0,0,0,0,1,0,1,0,0,0,0,0,0,1,0,0
530201,1,1,0,0,0,0,1,1,1,1,0,1,1,1,1,0,0,1,0,0,0,1,1,0,0,1,0
531605,0,1,0,1,0,0,0,1,1,1,0,0,0,0,0,1,0,1,1,0,1,0,0,0,0,0,0
532372,0,0,0,0,0,0,1,0,1,0,0,0,0,0,0,0,1,1,0,0,0,1,0,0,0,0,0
533168,0,1,0,0,0,0,0,1,0,1,0,0,0,0,0,1,0,0,0,0,1,1,0,0,0,0,1
535982,1,0,0,0,0,0,1,1,1,1,0,1,1,0,1,1,1,0,0,0,1,1,1,0,1,1,1
536756,0,0,0,1,0,0,1,0,1,1,0,1,0,0,0,0,0,0,0,0,0,1,0,0,1,0,1
537222,0,1,0,0,0,0,1,0,0,0,0,0,0,0,0,1,0,0,0,0,0,0,0,0,1,0,0
542098,0,1,0,0,0,0,0,1,1,1,1,0,1,0,0,0,0,0,1,0,1,1,1,0,0,0,0
542538,0,1,0,1,0,1,0,0,0,1,0,0,1,0,0,0,1,0,0,0,1,1,0,0,0,1,0
542773,1,1,1,1,0,0,1,1,1,1,1,1,1,1,1,1,1,1,0,1,1,1,1,1,1,1,1
545511,1,1,0,0,1,0,0,1,1,0,1,1,1,1,0,0,0,0,0,1,0,0,0,0,0,0,0
545866,0,1,0,0,0,0,1,1,1,0,1,0,1,0,1,1,0,0,0,1,1,1,1,1,0,1,0
546995,0,1,0,0,0,0,0,1,1,1,1,0,1,0,0,1,0,0,0,1,1,1,0,0,0,0,0
547323,0,1,1,0,0,0,0,1,1,0,0,0,1,1,0,0,0,1,0,1,0,1,0,1,1,0,1
547630,0,1,0,1,0,0,0,1,0,0,0,1,0,0,0,1,0,0,0,0,0,1,0,0,0,0,0
547906,0,1,0,1,0,0,0,1,1,1,1,0,1,1,1,0,0,0,0,0,0,0,0,0,0,0,0
548338,0,0,0,0,0,0,0,0,0,1,0,0,1,0,0,0,0,1,0,0,0,1,1,0,0,0,0
548585,1,1,1,0,1,1,1,1,1,1,0,0,1,1,0,0,0,0,1,1,1,1,0,0,1,1,0
548840,1,1,0,0,1,0,0,1,1,0,1,1,1,1,1,0,1,0,1,1,1,0,1,0,1,1,1
550082,0,1,0,0,0,0,0,1,0,0,0,0,0,0,0,0,0,0,0,0,0,0,0,0,0,0,0
550334,1,1,0,0,0,0,0,0,1,0,0,0,0,0,0,0,1,0,0,0,0,1,1,0,0,0,0
552033,0,0,1,1,0,0,0,1,0,0,0,0,0,0,0,1,0,0,0,1,1,1,0,0,0,0,1
553106,1,1,0,0,0,0,0,1,1,1,0,0,0,0,0,1,0,0,0,0,0,0,0,0,1,0,1
554246,1,1,1,1,0,0,0,1,1,0,0,0,1,1,1,0,1,1,0,1,1,1,0,1,1,1,0
555197,1,0,0,0,1,0,1,0,1,0,0,0,1,1,1,1,1,1,0,1,1,1,0,1,1,0,1
556351,1,1,1,0,0,0,0,1,1,1,1,0,1,1,1,1,1,0,0,1,1,1,1,1,1,1,1
558826,0,1,0,0,0,0,0,1,1,1,0,0,1,1,0,1,1,1,0,0,0,1,0,0,0,1,0
558975,0,1,0,0,0,0,1,1,0,1,1,0,1,0,0,1,1,1,0,0,1,1,1,0,1,0,0
560197,0,1,0,0,0,0,0,1,1,1,1,1,1,1,1,0,0,0,0,0,0,1,0,0,0,1,0
560286,0,1,0,0,0,0,1,1,1,0,0,0,1,1,1,0,0,1,0,0,1,1,0,0,0,0,1
561258,0,1,0,1,0,0,0,1,1,1,1,0,1,1,0,0,0,0,0,0,0,1,0,1,0,0,0
562966,0,1,1,0,0,0,1,1,1,1,1,1,1,1,1,1,0,0,0,1,1,1,1,1,1,0,1
563581,0,0,0,1,0,0,0,0,1,1,0,1,0,0,0,0,0,0,0,0,1,0,1,0,0,0,1
564266,0,1,0,1,0,0,0,1,1,1,1,0,1,0,1,0,0,0,0,1,1,1,0,0,0,0,0
566632,0,1,0,0,1,0,1,1,1,1,1,1,1,1,1,1,0,0,0,1,0,1,1,0,1,0,1
567170,0,1,0,0,0,0,0,0,0,1,0,0,1,1,0,0,0,0,0,1,0,0,0,0,0,0,0
567226,0,1,0,1,0,0,0,0,0,0,1,0,0,0,0,1,0,0,0,0,1,0,0,0,0,0,1
567371,1,1,0,1,1,0,0,1,1,1,1,0,1,1,1,0,0,1,0,1,1,1,1,0,1,0,0
568483,0,1,0,0,0,0,1,0,0,1,0,0,1,1,0,0,1,1,0,0,1,0,1,0,0,0,0
568526,0,1,0,0,0,0,0,1,1,1,1,0,1,1,1,0,0,1,0,1,1,1,0,0,0,0,1
568845,1,1,1,0,1,0,1,0,1,0,1,0,1,1,0,0,1,1,0,1,1,1,1,0,1,1,1
569699,0,1,0,0,0,0,0,1,1,1,0,1,0,0,0,1,0,0,0,0,0,0,0,0,1,0,1
570200,0,0,0,0,0,0,0,1,1,0,1,1,1,0,0,0,0,0,0,0,0,0,1,0,0,1,0
570669,0,0,0,0,0,0,1,1,0,0,0,0,1,0,0,0,1,0,0,0,0,0,1,1,0,1,1
570670,1,1,0,0,1,0,1,1,1,1,1,0,1,1,1,0,1,1,1,0,1,1,0,1,1,1,1
570751,0,1,0,1,0,0,0,1,1,1,0,1,0,0,0,0,0,0,0,0,1,0,0,0,1,0,1
570823,0,1,0,0,0,0,0,0,0,1,0,0,1,0,0,0,0,0,0,1,0,1,0,0,0,0,0
571520,0,1,0,0,0,0,0,0,0,1,0,0,0,0,0,0,0,0,0,0,1,0,0,0,0,0,0
573860,0,1,0,0,0,0,0,0,0,1,0,1,1,0,0,0,0,0,0,0,0,1,0,0,0,0,0
574158,0,1,1,0,0,0,0,1,1,0,1,0,1,1,1,1,1,1,0,1,1,1,1,1,0,0,1
575464,1,1,0,0,0,0,0,1,1,0,1,0,1,1,1,0,0,1,1,0,1,1,0,0,1,0,1
575841,0,1,1,0,0,0,0,1,1,1,1,0,1,1,1,1,1,1,0,1,1,1,0,0,0,1,1
576336,1,1,0,0,0,0,0,1,1,1,0,1,0,0,0,0,1,1,0,0,0,0,0,0,0,1,0
576406,0,0,0,0,0,0,1,0,1,0,1,0,1,0,0,0,0,0,0,0,0,0,0,0,0,0,0
576926,0,0,0,0,0,0,0,1,1,1,0,1,1,0,0,0,1,0,0,0,0,1,0,0,0,0,0
577035,0,1,0,0,0,0,1,1,1,0,1,0,1,0,0,0,1,0,1,0,0,1,1,0,0,1,0
578216,0,1,0,0,0,0,1,1,1,1,0,0,0,1,0,0,1,0,0,0,0,1,0,0,0,1,0
578536,0,0,0,0,0,0,0,1,1,1,1,0,1,0,0,1,0,1,0,0,0,1,0,0,1,0,0
579138,1,0,1,0,0,0,0,0,0,1,0,0,1,0,1,0,0,1,0,1,1,1,0,1,1,1,1
579627,0,1,1,0,1,0,1,1,0,1,1,0,1,0,0,0,1,1,0,1,1,0,0,0,0,0,1
579779,0,1,1,0,0,0,1,1,0,1,1,1,1,0,1,0,0,0,0,1,1,1,0,1,0,0,1
580370,1,1,0,0,1,0,0,0,1,1,1,0,1,1,1,1,1,0,0,0,1,1,1,0,1,1,1
580528,1,1,0,0,1,0,0,1,1,1,1,1,1,0,0,1,1,0,0,1,1,1,1,0,1,1,1
585846,0,1,0,0,0,0,1,1,1,1,1,0,1,1,1,1,1,1,0,0,1,0,1,0,0,0,1
587398,0,1,0,0,0,1,1,1,1,0,0,1,1,1,0,0,1,0,0,1,0,1,0,0,0,0,1
587523,0,1,0,0,0,0,1,1,0,1,0,0,0,0,0,0,0,0,0,0,0,0,0,0,0,0,0
587613,1,1,0,0,0,0,0,1,0,1,0,0,1,1,0,1,0,0,0,1,0,1,1,0,0,0,0
587984,0,1,0,0,0,1,0,1,1,1,1,0,0,0,0,0,0,1,0,0,1,1,0,0,1,0,0
588896,0,1,0,0,0,0,0,0,1,0,0,0,1,0,0,1,1,1,0,1,1,1,0,0,0,0,1
589194,0,1,0,0,0,0,0,1,1,1,1,0,1,1,0,0,0,1,0,0,1,0,0,0,0,1,0
589654,0,1,0,0,0,0,1,0,1,1,0,0,1,1,1,0,1,0,0,1,0,0,1,1,0,0,0
590523,1,1,0,0,1,0,0,1,1,0,0,0,0,0,0,0,0,0,1,0,1,1,1,0,1,1,1
590979,1,1,0,0,0,0,0,1,1,1,0,0,0,0,0,0,0,1,0,0,1,0,1,0,0,0,0
591487,1,1,0,0,0,0,1,1,1,1,0,1,1,1,1,1,1,0,0,0,0,1,1,1,1,1,1
591881,0,1,0,1,1,0,0,0,1,1,0,0,1,1,0,0,0,0,0,1,0,1,1,0,0,1,1
592325,1,1,0,0,0,0,0,1,0,1,0,0,1,1,0,0,0,0,0,0,0,0,0,0,0,0,0
593688,0,1,0,0,0,0,0,1,1,1,0,0,0,0,0,0,1,0,0,0,1,1,0,0,1,0,1
595730,1,1,0,1,0,0,1,1,1,1,1,1,1,0,1,0,1,0,0,0,0,0,0,0,0,0,0
596325,1,1,0,0,0,0,0,1,1,1,1,0,1,1,0,1,0,0,0,1,0,1,1,0,0,0,0
596803,0,0,0,0,0,0,1,0,1,0,0,0,0,0,0,0,0,0,0,0,1,1,0,0,0,1,1
597645,0,1,0,1,0,1,1,1,1,0,0,1,1,1,1,1,1,1,1,1,1,1,1,1,0,0,1
597654,1,1,0,0,0,0,1,1,1,0,1,1,0,0,0,0,0,1,0,1,1,1,0,0,0,0,1
597757,1,1,0,0,1,0,1,1,0,1,0,0,1,0,1,1,0,0,1,1,1,1,0,1,1,1,1
598460,0,1,0,0,0,0,1,1,0,1,0,0,1,1,1,0,1,1,0,0,1,0,0,0,0,0,0
600459,1,0,0,1,0,0,1,1,1,1,1,1,1,1,0,0,1,0,0,0,1,1,0,1,1,0,1
601495,0,1,1,1,0,0,0,1,1,1,1,0,1,1,0,0,0,1,0,1,1,0,1,0,1,1,1
604333,0,0,0,0,0,1,0,1,0,0,0,0,0,0,1,0,0,0,0,1,1,1,1,1,1,1,1
604715,0,1,0,0,0,0,1,0,1,1,0,1,0,0,0,0,0,0,0,0,0,0,0,0,1,1,0
607015,1,1,0,1,0,0,0,1,1,1,1,0,1,1,0,1,0,1,0,1,1,1,1,1,1,0,1
607593,0,1,0,0,0,0,0,0,0,1,0,0,1,0,0,0,0,1,1,0,0,0,0,0,0,0,0
609267,0,1,0,0,1,0,1,1,1,1,1,0,1,0,1,0,1,0,0,0,0,0,0,0,0,0,0
611025,1,1,0,0,0,0,0,0,0,1,0,0,1,0,1,0,1,0,0,0,1,0,0,0,0,0,0
611131,1,1,0,0,0,0,1,1,1,1,1,0,1,0,0,0,1,0,0,0,1,1,1,1,1,1,1
612143,1,1,1,0,0,0,1,1,1,0,0,1,1,1,1,0,0,1,0,1,1,1,1,1,1,1,1
612999,1,1,0,1,0,0,1,1,1,0,0,1,1,1,0,1,0,1,0,1,1,1,1,0,1,1,1
613719,0,0,0,0,0,0,0,0,0,1,0,0,0,0,0,0,0,0,0,0,0,0,0,0,0,0,0
614462,0,1,0,1,0,0,1,1,1,0,0,1,1,0,0,0,0,1,0,0,0,0,0,0,0,0,0
616613,0,0,1,0,0,0,0,0,1,0,0,1,0,0,0,0,0,0,0,0,0,0,0,0,0,1,0
617078,1,1,0,0,1,0,1,1,1,0,0,1,1,0,0,0,0,1,0,0,1,1,0,0,0,0,0
620918,0,0,0,0,0,0,0,0,1,1,0,0,0,0,0,0,1,1,0,0,1,1,0,0,0,0,0
622101,0,1,1,0,1,0,1,1,1,1,0,1,1,1,1,1,0,1,1,1,0,1,1,0,1,0,1
622757,0,1,0,1,0,0,0,0,0,1,1,1,0,0,0,1,0,0,0,0,1,1,0,0,0,0,0
623980,1,1,0,0,1,0,0,0,0,1,0,1,0,0,0,0,0,1,0,0,1,0,1,0,1,0,0
624022,0,1,1,1,0,0,1,1,1,1,0,0,1,0,0,0,0,1,0,1,1,1,0,0,0,0,1
626383,0,1,0,0,0,0,1,1,1,1,1,0,1,1,0,0,1,0,0,1,1,1,0,0,1,0,0
626573,0,1,0,0,0,0,1,0,0,1,0,0,0,0,0,0,0,0,0,0,0,0,0,0,0,0,0
626673,0,1,1,1,1,0,0,0,0,0,0,1,1,1,1,0,1,0,0,1,1,1,0,0,1,0,0
627214,1,1,0,0,0,0,0,1,1,1,1,1,1,1,1,1,0,1,0,0,1,1,0,0,1,0,1
627716,0,0,0,0,1,0,0,0,1,1,1,0,0,0,0,1,1,0,0,0,0,0,1,0,1,0,0
630237,0,1,1,0,0,0,0,1,1,1,1,0,1,1,1,1,1,1,0,0,1,1,0,0,1,0,0
631612,0,0,0,0,1,0,0,1,1,1,1,0,0,0,0,0,0,0,0,0,1,1,0,0,0,0,0
631683,1,1,1,1,0,1,1,1,1,0,0,0,1,1,0,1,0,1,0,1,1,1,0,1,1,0,0
632457,0,1,1,1,0,0,1,1,1,1,1,0,1,1,1,0,1,0,0,1,1,1,1,0,1,1,1
634134,0,1,1,1,1,0,1,0,1,1,0,0,0,0,0,1,1,0,0,0,1,1,0,0,0,0,0
634424,0,1,0,0,0,0,1,0,1,0,0,0,1,0,0,0,1,1,1,0,0,1,1,0,1,0,0
635023,0,0,0,0,0,0,0,0,0,1,1,0,1,0,1,0,0,0,0,0,1,1,0,0,1,1,0
636338,1,1,1,1,0,0,1,1,0,0,1,0,1,1,1,1,0,1,0,1,1,1,1,0,1,0,1
636589,0,1,0,1,0,0,0,0,0,1,0,0,0,0,0,0,1,0,0,0,0,0,0,0,1,0,0
636853,1,1,0,1,0,0,1,1,1,1,0,1,1,1,0,0,1,1,0,1,1,1,1,0,1,0,1
636957,0,1,0,0,0,0,0,1,1,1,0,0,1,1,0,0,0,1,1,1,1,1,0,1,1,1,0
637423,1,1,0,0,0,0,1,1,0,0,0,0,1,0,0,0,0,0,0,1,1,1,0,0,1,1,1
637866,1,0,0,1,0,0,1,1,1,1,0,0,0,0,0,1,0,0,0,0,0,0,1,0,1,0,1
638587,0,0,1,0,0,0,0,1,1,0,0,1,0,0,0,1,0,1,0,0,1,1,0,0,0,0,1
638751,1,1,0,0,0,0,0,1,0,1,0,0,1,0,1,0,0,1,0,1,1,1,0,1,0,0,0
638886,1,1,1,1,0,0,1,1,1,1,1,1,1,1,1,0,0,1,0,1,1,1,0,1,1,1,1
640434,1,0,0,1,0,0,1,0,0,1,0,1,0,0,1,1,0,0,0,0,0,0,0,0,0,1,0
641188,1,1,0,1,1,1,1,1,0,0,1,1,1,0,1,1,1,0,1,1,1,0,1,1,0,0,0
643877,0,0,0,0,0,0,1,0,0,0,0,0,1,0,0,0,0,0,1,0,1,0,0,0,1,1,0
644116,0,1,0,1,0,0,0,1,1,0,1,0,1,1,0,0,0,1,0,0,1,1,0,1,0,0,0
644488,0,1,1,0,0,0,0,1,1,1,1,0,1,0,1,0,0,1,0,0,1,1,0,0,0,0,1
644513,0,1,0,0,0,0,0,0,1,1,0,0,0,0,0,1,0,0,0,0,1,0,0,0,0,0,1
647657,1,0,1,1,0,0,1,1,1,1,1,0,1,0,0,1,1,0,0,1,1,1,1,0,1,0,1
648827,1,1,0,0,0,0,0,1,0,0,0,1,0,0,0,0,0,1,0,0,0,1,1,1,0,0,0
650996,0,1,0,0,0,0,1,1,1,0,1,0,1,1,1,1,1,1,0,1,1,1,1,1,1,1,1
653962,1,1,0,0,1,0,0,1,0,1,1,0,0,0,0,0,1,1,0,0,0,0,1,1,0,0,1
655710,0,0,0,0,0,0,0,1,1,1,0,0,1,0,1,1,0,1,1,0,1,0,0,0,0,0,1
657507,0,0,0,0,0,0,0,1,0,1,0,0,1,0,0,0,0,0,0,0,0,0,0,0,0,0,0
657543,1,1,0,0,0,0,0,1,0,1,1,0,0,0,0,0,0,0,0,0,0,0,0,0,0,0,1
657778,1,0,0,1,1,0,0,1,1,0,1,0,0,1,0,0,1,0,0,0,1,0,0,0,0,0,0
658407,0,1,1,0,0,0,0,0,0,1,0,0,0,0,0,1,0,1,0,0,1,1,0,1,1,0,0
659498,1,1,0,0,0,0,0,1,1,1,1,0,0,0,0,0,1,1,0,0,0,1,1,0,0,0,0
659555,1,0,0,0,0,1,1,1,1,1,0,0,1,1,0,1,1,1,1,0,1,1,0,1,1,0,1
660582,0,1,1,0,1,1,1,1,0,0,1,1,1,1,1,0,1,1,0,1,1,1,1,1,1,1,1
661549,1,1,0,1,1,0,1,1,0,1,1,0,1,1,1,0,1,0,0,1,1,1,1,1,1,1,1
661923,1,1,1,0,0,0,0,1,1,1,0,0,1,0,0,0,0,0,0,1,1,1,0,0,0,1,1
661949,0,1,0,0,0,0,1,1,1,0,0,1,0,0,0,1,0,1,0,0,0,0,0,0,0,0,0
662149,1,1,1,1,1,0,0,1,1,1,0,1,1,1,1,1,1,0,0,1,1,1,0,1,1,0,1
662485,1,1,1,0,1,0,1,1,1,0,1,0,1,1,1,0,0,1,0,1,1,1,1,1,1,0,1
663185,1,1,0,0,0,0,0,1,0,1,0,0,1,1,0,0,0,0,0,0,0,0,1,0,1,0,0
664029,1,1,0,1,1,1,1,1,1,0,1,0,1,1,1,1,1,1,0,1,0,1,0,1,0,1,1
665628,1,1,0,0,1,0,1,1,1,1,1,0,1,1,1,0,0,0,0,0,1,1,0,0,1,1,0
667870,1,1,1,0,1,0,0,1,1,1,1,0,1,1,1,0,0,1,0,0,1,1,0,0,1,0,1
668961,0,1,1,0,0,0,1,1,1,0,1,0,1,1,1,1,1,0,0,0,1,0,0,0,0,0,0
669417,0,0,0,0,0,0,0,0,0,1,1,1,0,0,0,0,0,0,0,0,1,0,0,0,0,0,0
670143,0,1,0,0,0,0,0,1,1,1,0,0,1,1,1,1,0,0,0,0,0,0,1,0,1,1,0
670685,0,0,0,0,0,0,0,0,1,0,0,1,0,0,0,0,1,1,0,0,0,0,0,1,1,0,1
671864,1,1,0,1,0,0,0,1,1,1,0,0,1,1,0,1,1,0,0,1,1,1,1,0,1,0,0
674096,1,1,0,0,0,0,1,1,1,1,1,1,1,1,1,0,0,0,0,1,0,0,0,0,0,0,1
675645,0,1,1,0,0,0,1,0,0,1,0,0,1,0,0,0,1,1,0,0,1,0,1,0,1,0,0
677808,1,1,0,0,0,0,0,0,0,1,0,0,1,0,0,0,0,0,0,0,0,0,0,0,1,1,0
678504,1,0,1,1,0,0,0,1,1,0,1,0,1,1,1,1,1,1,0,1,1,0,0,1,1,0,1
678918,0,1,0,0,0,0,0,1,1,0,1,1,1,0,0,0,0,1,0,1,1,1,0,0,1,0,0
682165,1,1,1,1,0,0,0,1,0,0,1,1,1,1,1,1,1,0,0,1,1,0,1,0,0,1,1
682804,0,1,0,0,0,0,0,0,1,0,0,0,0,0,0,0,0,1,0,1,1,0,0,0,1,0,1
683507,0,0,0,1,0,0,1,1,1,0,0,0,1,1,0,1,0,0,0,1,1,1,1,1,1,1,1
688058,0,0,0,1,1,0,0,1,0,0,1,0,1,1,0,0,0,1,0,1,1,1,1,1,1,0,1
688844,0,1,0,1,0,0,0,1,1,0,1,0,1,1,0,0,0,0,0,1,1,1,1,1,1,0,0
689060,0,0,0,0,0,0,0,1,1,1,1,0,1,1,0,0,0,1,1,0,0,0,0,0,1,0,0
689170,0,1,0,0,0,0,0,0,1,1,1,0,1,0,0,0,0,0,0,1,0,0,1,0,1,0,0
691719,0,0,0,0,0,0,0,1,0,1,1,0,1,0,1,0,0,0,1,0,0,1,0,0,1,1,0
692652,1,1,0,0,0,0,0,0,1,0,0,0,1,0,0,1,0,0,0,0,0,0,0,0,0,0,0
693746,0,1,0,0,0,0,0,1,1,1,0,1,0,0,0,0,0,1,1,1,0,1,0,0,1,1,0
694075,1,1,0,1,0,1,1,1,1,0,0,0,0,0,0,0,0,1,0,1,0,1,1,1,1,0,1
694326,0,0,1,0,0,0,0,0,1,1,0,0,0,0,0,1,0,1,0,0,1,1,0,0,0,0,0
694715,1,0,1,0,0,0,1,1,1,1,0,0,1,1,0,1,0,0,0,1,1,1,1,0,1,1,1
695528,0,1,0,0,0,0,0,0,0,1,0,0,0,0,0,0,1,1,0,0,0,1,0,0,0,0,0
696806,1,0,0,0,1,1,0,1,0,0,1,0,1,1,1,0,0,0,0,1,1,1,1,0,1,0,1
697772,0,1,0,1,0,0,1,1,0,0,1,0,1,0,0,0,0,0,0,0,0,0,1,1,0,1,0
698435,0,1,0,0,1,0,0,0,0,0,1,1,0,0,0,0,0,1,0,0,1,1,0,0,1,0,0
698860,0,0,0,0,0,0,0,1,1,1,0,0,0,0,0,0,0,0,0,0,1,0,0,0,1,1,0
699320,0,1,1,1,0,0,0,1,0,0,0,0,1,0,0,0,1,0,0,0,1,0,0,0,1,1,0
700504,0,1,0,0,1,1,0,1,1,1,0,0,0,0,0,0,0,1,0,0,1,1,1,0,1,1,0
701072,0,1,0,0,0,0,0,1,0,0,1,1,1,1,0,1,0,0,0,0,0,1,0,0,0,0,0
704263,0,1,1,0,0,0,0,0,1,1,0,1,1,0,0,1,0,0,0,1,1,1,1,0,0,0,1
705932,1,1,0,1,1,1,1,1,1,1,1,0,0,0,0,0,1,1,0,1,1,1,0,1,1,1,1
706347,1,1,0,0,0,0,0,1,0,1,0,1,1,0,0,0,0,1,0,1,1,1,0,0,0,0,1
706848,0,1,0,1,0,0,0,1,1,1,1,0,1,1,0,0,0,1,0,0,0,0,0,0,0,0,0
710185,0,1,0,1,0,0,0,1,1,1,0,0,1,0,0,0,0,1,0,0,0,1,0,0,0,0,0
711409,1,0,1,0,1,0,1,1,0,1,1,1,1,1,1,1,1,1,1,1,1,1,0,0,0,1,0
713419,0,1,1,0,0,0,1,1,1,0,0,0,1,0,0,0,1,0,0,1,1,1,0,0,1,0,0
713777,1,1,0,0,0,0,0,1,0,1,0,0,1,0,0,1,1,0,0,1,0,1,0,0,0,0,1
714191,0,1,0,0,0,0,1,1,1,1,0,0,1,1,1,0,1,0,1,1,1,1,0,0,1,0,0
714196,0,1,0,1,1,0,0,1,1,1,1,0,1,1,0,0,0,1,1,1,1,1,1,1,0,0,0
717808,0,0,0,1,0,0,0,0,0,1,0,0,1,0,0,0,0,0,0,0,1,1,0,1,1,0,0
718327,1,1,1,0,1,0,1,0,0,0,0,0,1,1,0,1,1,1,0,1,1,1,0,0,0,1,1
718815,0,1,1,0,0,1,1,1,0,1,0,0,1,0,0,1,0,1,0,1,1,1,1,1,1,1,1
720132,1,1,0,0,0,0,0,0,1,1,0,0,1,1,1,0,0,0,0,0,0,0,0,0,0,1,1
721326,0,1,1,0,0,0,0,1,1,0,0,0,1,1,1,0,0,1,0,1,1,0,0,0,1,0,0
724526,1,1,0,0,0,0,0,1,0,1,0,0,1,1,0,0,0,0,0,0,1,0,1,0,1,0,1
725778,0,1,0,0,1,0,1,1,0,1,1,0,0,0,0,0,0,0,0,0,0,0,0,0,0,0,0
727608,0,1,0,0,0,0,0,1,1,1,0,1,0,0,0,0,0,0,0,0,0,0,0,0,0,1,1
729026,1,0,0,0,1,0,0,1,1,0,0,1,0,0,0,0,0,1,0,0,0,0,1,0,1,0,0
729105,0,1,0,0,0,0,0,1,1,0,1,0,1,1,0,1,0,0,0,0,0,1,0,0,0,0,0
730963,0,0,0,0,0,0,1,1,1,1,0,1,0,0,0,0,0,0,0,0,1,0,0,0,1,0,0
731933,0,1,0,0,0,0,0,0,1,0,0,0,0,0,0,1,1,1,0,1,1,0,0,0,0,0,0
732401,0,1,0,0,0,0,1,0,1,0,0,0,1,1,0,1,0,1,0,0,0,0,0,0,0,0,0
732781,1,1,0,0,1,0,1,1,1,1,1,0,1,1,0,1,1,0,0,0,1,0,1,0,1,0,1
733658,1,1,0,0,1,0,0,1,1,0,0,0,1,0,1,0,0,0,1,0,1,1,0,0,0,0,0
733767,1,1,1,0,1,0,1,1,1,1,0,0,1,1,1,1,1,1,1,1,1,1,1,0,1,1,1
735104,0,0,0,0,0,0,0,1,1,0,1,1,1,1,1,0,0,0,1,1,0,0,0,0,0,0,0
735415,0,0,0,0,0,0,0,0,0,0,0,0,0,0,0,0,0,0,0,0,0,0,0,0,1,0,0
739726,1,0,0,0,0,1,1,0,0,1,0,1,1,1,0,1,1,1,1,0,1,1,1,0,1,1,1
742549,0,1,0,0,0,0,0,1,1,1,0,1,1,0,0,0,0,0,0,0,0,0,0,0,0,0,0
742827,1,1,0,0,0,0,0,1,1,1,1,0,1,0,0,1,1,1,0,0,0,0,0,0,1,0,0
744843,0,1,1,0,0,0,0,1,1,1,1,0,1,1,0,0,1,1,0,1,1,1,0,0,0,1,1
745408,0,1,0,0,0,0,1,0,0,1,0,1,1,1,0,0,0,0,0,1,0,0,0,0,0,0,1
747495,0,1,0,0,0,0,1,1,1,1,0,1,1,0,0,0,0,0,1,0,1,0,0,0,0,0,0
747831,1,0,1,1,0,0,0,0,0,1,0,0,0,0,0,0,1,0,0,0,1,1,1,0,0,0,1
748221,0,1,0,0,0,0,0,0,0,0,0,1,1,1,0,1,0,1,1,1,1,1,0,0,1,0,0
748469,1,0,0,0,1,1,0,1,1,1,1,1,1,1,1,1,1,1,0,1,1,1,1,1,1,1,0
750403,1,1,1,0,0,0,0,1,1,0,0,0,0,0,0,0,0,0,0,1,1,1,1,1,0,0,1
750676,0,1,1,1,0,0,0,1,1,1,1,0,1,1,1,1,1,0,0,1,1,1,1,1,0,1,1
751388,0,1,0,1,0,0,0,0,0,0,0,0,0,0,0,1,0,0,0,0,1,1,0,0,1,0,0
751398,0,1,0,0,0,0,0,0,0,1,0,0,0,0,0,0,0,0,1,1,1,1,0,0,1,0,0
751800,0,1,0,0,0,0,0,1,1,0,1,0,1,1,1,0,1,1,0,0,1,1,1,0,0,1,0
752507,0,1,0,0,0,0,0,1,0,1,1,0,0,0,0,0,1,0,0,0,0,0,0,1,0,0,0
754957,0,1,0,0,0,0,0,1,0,1,0,0,0,0,0,0,0,0,0,0,1,0,1,0,1,0,1
755099,0,1,0,0,0,0,1,0,0,1,0,0,1,0,0,0,0,1,0,0,1,0,1,0,0,0,1
755379,0,1,0,0,1,0,0,0,1,0,0,0,0,0,0,0,0,0,0,0,0,1,1,1,0,0,0
756269,1,1,0,0,0,0,0,1,1,1,0,0,1,0,0,0,0,0,0,0,0,1,0,0,0,0,0
757829,1,1,0,1,0,0,0,1,1,1,0,0,1,1,0,0,0,0,0,0,0,0,0,0,0,0,0
758128,1,1,0,1,1,1,0,1,1,1,1,0,1,1,0,0,0,0,0,0,0,0,0,0,0,0,1
758331,0,1,0,0,0,0,0,1,1,1,0,0,0,0,0,0,1,0,0,0,1,1,0,0,0,1,0
758635,1,1,0,1,0,0,0,1,1,0,1,0,0,0,0,0,0,1,0,0,0,0,0,1,0,0,0
759815,0,1,0,0,0,0,0,0,1,0,0,1,0,0,0,1,0,0,0,0,1,0,0,0,1,0,0
764921,1,1,1,0,0,0,0,0,1,1,1,1,1,0,0,0,0,1,0,1,1,1,0,1,1,0,1
765272,1,1,1,1,1,0,0,1,1,0,0,1,1,1,1,1,0,1,1,1,1,1,1,1,1,1,0
766300,0,1,0,0,0,0,0,1,0,0,0,0,0,0,0,1,0,0,0,0,0,0,1,0,0,1,0
766322,1,0,0,0,1,0,0,0,1,1,1,0,0,0,0,0,0,1,0,1,0,1,1,0,1,1,1
768348,0,1,0,0,0,0,0,1,1,1,0,0,1,0,0,0,0,1,0,0,0,0,0,0,1,0,0
770474,1,1,0,0,0,0,0,1,1,1,1,0,1,1,1,0,1,0,1,1,1,1,0,1,1,1,1
771260,0,1,0,0,0,0,0,0,1,1,1,0,1,1,0,1,1,0,1,0,0,0,1,0,1,0,0
771298,1,1,0,0,0,0,0,0,0,0,1,1,1,0,0,0,1,1,0,0,1,0,0,0,0,0,0
772782,0,1,0,0,0,0,0,1,1,1,1,1,0,0,0,1,1,0,0,0,0,0,0,0,1,0,0
773245,0,0,0,0,0,0,0,0,0,1,0,0,0,0,0,1,1,1,1,1,1,1,1,1,1,1,1
773640,1,1,0,1,0,0,0,1,1,1,1,0,1,1,0,0,0,0,0,1,1,1,0,1,1,0,1
774391,0,1,0,0,0,0,0,1,1,1,1,0,1,1,1,1,0,1,0,0,1,0,1,0,0,0,0
775192,1,1,1,0,0,0,1,1,0,1,0,0,0,0,0,1,0,1,0,0,0,1,0,1,1,1,1
777235,1,0,1,1,0,0,0,1,1,0,1,1,1,1,0,1,0,0,0,1,1,1,0,0,0,0,1
778764,0,1,0,0,0,0,0,1,0,1,1,0,1,1,0,1,0,1,0,0,1,0,1,0,1,1,0
780014,0,0,0,1,0,0,0,1,0,0,0,0,1,1,0,1,1,0,0,1,0,0,1,0,0,0,0
780179,0,1,0,0,0,1,0,1,0,0,0,0,1,0,0,0,1,1,0,0,1,1,0,0,1,0,1
781038,1,1,1,0,0,1,1,1,1,1,1,0,1,1,1,1,0,1,0,1,1,1,1,1,1,1,1
781703,0,1,0,0,0,0,0,1,1,1,1,0,0,0,0,0,0,1,0,0,0,0,0,0,0,0,0
782155,0,1,0,1,0,0,0,1,1,1,0,0,1,1,1,1,0,0,0,0,0,1,0,1,1,0,0
782963,0,1,0,1,0,0,0,0,0,0,0,0,1,1,1,0,0,0,0,1,1,1,1,1,0,0,1
783834,1,1,0,0,0,0,1,1,1,0,0,0,1,1,1,0,1,0,1,0,0,1,1,0,1,0,1
784383,0,1,1,1,0,0,0,0,1,1,0,0,1,1,1,1,1,0,0,0,1,0,1,1,0,1,1
785602,1,1,1,1,0,0,0,1,1,0,1,1,1,0,1,1,0,1,0,0,1,1,0,0,1,1,1
785796,1,1,1,0,1,0,1,1,1,1,1,1,1,1,1,1,1,0,0,1,1,1,1,1,1,0,1
787282,0,1,0,0,0,0,0,0,0,0,0,0,1,0,0,0,0,1,0,0,0,0,1,0,0,0,0
787393,0,1,0,1,0,1,0,1,1,0,1,0,1,1,1,0,0,0,0,1,1,1,1,1,1,0,0
787418,1,1,0,1,0,0,0,1,1,1,0,0,1,1,1,1,1,1,1,0,1,1,1,1,1,1,1
788429,0,1,0,0,0,0,0,0,0,0,1,0,1,0,0,0,0,1,0,0,0,0,0,1,1,0,1
788606,1,1,0,0,0,0,1,1,1,0,0,0,1,1,1,0,1,0,0,1,1,1,1,1,1,0,1
789371,0,1,0,0,1,0,0,1,1,0,0,0,0,0,0,0,1,1,0,0,0,1,1,0,1,0,0
789597,0,1,0,1,0,0,1,1,1,1,1,0,1,0,0,0,1,0,0,0,0,0,0,0,1,0,0
790122,1,1,0,0,1,0,1,1,1,1,1,1,1,1,0,1,0,1,0,1,1,0,1,0,0,0,1
790705,1,0,0,0,0,0,1,1,1,1,1,0,1,1,1,1,0,0,0,0,0,1,0,0,0,0,0
793637,1,1,1,1,0,0,1,1,1,1,1,0,0,0,0,1,0,1,1,1,1,1,1,1,1,1,1
794501,0,1,1,0,0,0,1,0,0,1,0,0,0,0,0,0,0,1,0,1,1,1,0,0,1,0,0
794515,0,1,0,0,0,0,1,1,1,0,0,0,1,1,1,1,1,0,0,0,0,1,1,0,0,1,1
794947,0,1,0,1,0,0,0,0,1,0,0,0,1,1,0,1,1,0,0,1,1,1,0,0,0,1,0
795772,0,0,0,0,0,0,0,1,1,1,0,0,1,1,1,1,0,0,0,1,1,1,0,1,1,1,1
795892,0,0,0,0,0,0,0,1,1,0,0,1,0,0,0,0,0,0,0,0,1,1,0,0,1,0,0
798486,1,1,0,0,1,0,1,1,1,1,1,0,1,1,1,0,0,1,1,1,1,1,1,0,1,1,0
799658,1,0,0,1,1,0,0,1,1,1,1,0,1,1,1,0,1,0,0,1,1,0,0,1,1,1,1
801006,1,1,0,0,1,0,1,1,1,1,1,0,1,1,0,1,0,0,0,0,0,1,1,1,1,1,1
801313,0,0,0,0,1,0,0,0,1,1,0,0,0,0,0,1,0,0,0,0,1,0,0,0,0,0,0
801336,1,0,0,1,0,1,0,0,1,0,0,0,1,0,0,0,0,0,0,1,1,1,1,0,0,0,0
801558,0,1,0,0,0,0,1,1,1,1,0,0,0,0,0,0,0,0,0,0,0,0,0,0,0,0,0
801662,0,1,0,1,0,0,0,1,1,1,1,1,1,1,1,1,1,1,0,0,0,0,0,0,0,0,0
802138,0,1,0,0,0,0,1,0,0,0,0,0,1,0,0,0,0,1,0,0,1,1,1,0,0,0,1
802858,1,1,0,1,0,0,0,0,1,1,0,0,1,0,1,0,1,0,1,1,0,0,1,1,1,1,0
803407,0,1,0,0,0,0,0,1,1,0,0,0,0,0,0,1,0,1,0,1,1,1,1,1,1,0,1
803503,0,1,0,0,0,0,1,1,1,0,1,0,1,1,0,0,0,0,0,1,0,1,0,1,1,0,1
803833,1,1,0,1,1,0,1,1,1,1,1,0,1,0,0,0,1,1,0,1,1,1,0,1,1,0,1
805187,1,0,0,1,0,0,1,1,1,1,1,0,1,1,1,0,0,0,0,0,0,1,1,0,1,1,1
807526,0,1,1,1,0,0,0,0,0,1,0,0,1,0,0,0,0,0,0,0,0,0,0,1,0,0,0
811695,1,0,0,0,0,0,1,0,0,0,0,1,0,0,0,0,0,0,1,1,1,1,0,0,0,0,0
811903,1,1,1,1,1,1,1,1,1,1,1,1,1,1,1,0,1,1,0,1,1,1,1,1,0,1,1
813998,1,1,0,1,1,0,1,1,1,0,0,0,1,0,1,1,1,1,1,0,1,1,1,1,1,0,1
814747,1,1,1,1,1,0,1,1,1,1,1,1,1,1,0,0,1,0,1,1,1,0,0,0,1,0,1
817369,0,1,1,1,0,0,1,1,0,1,1,0,1,0,0,0,0,0,1,0,0,0,0,0,0,0,0
817770,1,1,1,0,1,0,0,1,1,1,0,0,0,0,0,0,0,0,1,1,1,1,0,1,1,0,1
818446,1,0,0,0,1,0,0,1,1,1,1,1,1,1,1,0,1,1,1,1,1,1,0,1,1,0,1
818920,1,0,1,0,0,0,1,0,1,0,0,0,1,0,0,0,1,0,0,0,0,1,0,0,0,1,0
820100,1,0,0,0,0,0,1,1,1,1,1,0,1,1,1,0,1,0,1,1,1,1,1,1,1,1,0
821791,1,1,0,0,0,0,0,1,1,0,0,0,1,0,0,1,0,1,0,0,1,0,0,0,0,0,0
822095,0,1,0,0,1,0,1,1,1,1,0,1,1,1,1,0,1,1,0,0,1,0,1,0,1,1,1
822363,0,1,0,0,0,0,0,1,1,1,0,0,1,1,0,1,0,0,0,1,0,1,1,0,1,0,1
822403,0,1,0,0,1,0,0,1,1,1,0,0,1,1,1,1,1,1,0,1,0,0,1,0,1,0,0
823110,0,1,1,1,1,1,0,1,1,0,1,0,1,0,0,0,0,1,0,1,1,1,0,0,1,0,0
823683,1,0,0,0,1,0,0,1,0,1,0,0,0,0,0,0,0,0,0,0,1,1,0,1,1,0,0
825489,1,1,0,0,0,0,1,1,0,0,1,0,0,0,0,1,0,0,0,0,0,1,0,0,0,0,0
825897,0,1,0,0,0,0,1,1,1,1,1,1,0,0,0,1,1,1,1,0,1,1,1,0,1,0,1
828021,0,1,1,1,0,0,0,1,1,0,1,1,1,1,0,0,0,0,0,1,0,0,1,0,0,0,0
828326,1,1,0,1,1,1,0,1,1,0,1,1,1,1,1,1,1,1,0,0,1,1,0,1,1,0,1
828966,1,1,1,1,0,0,0,1,0,1,1,0,0,0,0,0,0,0,0,1,1,1,0,0,1,0,1
832062,1,1,0,0,0,0,1,1,1,0,1,1,1,0,0,0,1,0,0,0,1,1,0,1,1,0,1
835205,0,1,0,0,0,0,1,1,1,1,0,0,1,0,0,0,1,0,0,0,1,0,1,0,1,0,0
835506,0,1,0,1,0,0,0,1,1,0,1,1,1,0,0,1,0,1,0,0,1,1,1,0,0,0,1
836791,1,0,0,1,0,0,1,0,0,0,0,0,0,0,0,1,0,0,1,1,1,1,0,0,0,0,1
837358,0,1,0,0,0,0,1,1,1,0,1,1,1,1,1,0,1,1,0,1,1,1,1,1,1,0,1
837851,1,1,0,0,1,0,0,1,1,1,1,1,1,1,1,1,1,1,0,1,1,1,1,0,1,0,1
838813,0,0,0,0,1,0,0,0,1,1,0,0,1,0,0,0,0,0,0,0,0,0,1,0,1,0,0
839429,0,1,0,0,0,0,0,1,1,1,1,1,1,0,0,0,0,0,0,0,0,0,0,0,1,0,1
840002,0,1,0,1,0,0,1,1,1,0,1,1,0,1,0,0,0,1,0,0,1,0,1,0,1,1,0
841513,1,0,1,0,1,0,0,0,1,0,0,1,0,0,0,1,1,0,0,0,1,0,1,0,0,1,1
842130,1,1,0,0,1,1,1,1,1,0,1,0,1,0,0,1,1,0,0,1,1,0,1,0,1,1,0
842639,1,1,0,0,0,0,0,1,1,1,0,1,1,0,0,0,0,0,0,0,0,0,0,0,0,0,0
842958,0,0,0,0,0,0,0,0,0,1,0,0,0,0,0,0,0,0,0,0,0,1,0,0,0,0,1
843256,0,1,0,0,1,0,1,1,1,1,0,0,1,0,0,0,0,0,0,0,1,1,0,0,1,0,0
845120,0,0,0,0,0,0,0,0,1,1,1,0,0,0,0,1,0,1,0,0,1,1,0,0,1,0,0
845259,0,1,0,1,0,0,0,1,1,1,1,0,1,0,0,0,1,0,0,0,0,0,0,1,1,0,0
845818,1,0,0,1,1,0,1,0,0,1,1,0,0,0,0,0,0,0,0,1,1,1,0,0,0,1,0
848556,0,1,1,0,0,0,0,0,0,1,1,0,0,0,0,0,0,0,0,0,1,1,1,1,1,0,1
849678,0,0,0,0,0,0,1,1,1,0,1,0,1,0,1,1,1,1,0,1,1,0,0,0,0,0,0
849706,0,1,0,0,0,0,1,1,1,1,1,1,1,0,1,1,0,0,0,0,0,0,1,0,1,1,1
850252,1,1,0,1,0,0,1,1,0,1,1,0,1,0,0,0,0,0,0,0,0,0,0,0,0,0,0
850616,1,1,0,0,0,0,1,1,1,1,1,0,0,0,0,0,1,1,0,0,1,1,0,0,1,0,0
850648,0,0,0,0,0,0,0,0,1,0,0,0,0,0,0,1,0,0,0,0,0,0,0,1,0,1,1
851005,0,0,0,1,1,0,0,1,1,1,0,0,1,0,0,0,0,1,0,0,1,0,0,1,1,0,1
853197,1,1,0,0,0,0,1,1,1,1,1,1,1,1,1,0,0,0,0,0,0,1,0,0,1,0,1
854747,0,1,0,0,1,0,0,1,1,1,0,0,1,0,1,0,0,0,0,0,0,1,0,0,0,1,0
857049,0,1,0,0,0,0,1,1,1,0,0,0,1,1,0,1,0,0,0,0,0,0,1,0,0,1,0
859502,1,0,1,1,1,0,1,0,1,1,1,1,1,1,1,0,1,0,0,1,1,0,1,0,1,0,1
859916,0,1,0,0,0,0,0,1,0,1,1,1,0,0,0,0,1,0,0,1,0,0,1,0,0,0,0
864107,1,1,0,0,1,0,0,1,1,1,1,1,1,1,1,1,1,0,0,0,1,1,0,1,1,1,1
864389,0,1,0,0,0,0,0,0,1,0,0,0,1,0,0,0,0,1,0,0,0,1,0,0,0,0,1
864393,1,1,1,1,0,0,1,1,1,1,0,0,1,1,0,0,0,0,0,0,0,1,1,0,0,0,0
865473,0,1,0,0,0,0,0,0,0,0,1,0,0,0,0,1,0,0,0,1,0,0,0,0,1,0,0
865680,0,1,0,0,1,0,1,1,1,0,0,0,1,0,0,0,1,0,0,1,1,1,0,0,1,0,0
868485,0,0,0,1,1,0,0,1,1,1,1,0,1,1,1,0,0,1,0,0,1,1,1,1,1,1,1
869127,0,1,0,0,0,0,1,0,1,1,0,0,0,0,0,0,0,1,1,0,1,0,1,0,0,0,0
869189,0,1,0,0,0,0,0,0,0,1,1,0,1,0,0,1,0,0,0,0,0,1,1,0,1,0,0
872949,0,1,0,0,0,1,0,1,1,1,1,1,1,1,0,1,0,1,0,0,0,1,1,1,1,1,1
874628,0,1,1,0,0,0,1,1,1,0,0,0,0,0,0,0,0,0,0,0,0,1,0,0,1,0,0
874673,0,1,0,0,1,0,0,1,1,1,1,1,1,1,0,1,1,0,0,0,1,0,1,1,0,0,1
877036,0,1,0,0,0,0,0,1,0,1,0,0,0,0,0,0,0,0,0,1,1,1,1,0,1,0,0
878393,0,0,0,1,1,0,1,0,0,1,1,0,1,0,0,0,1,0,0,0,1,0,0,0,1,0,0
878452,0,0,0,0,0,1,0,1,1,1,1,0,0,0,0,0,0,0,0,0,0,0,1,0,1,0,0
881090,0,1,1,0,0,0,0,1,1,1,1,0,1,0,0,1,0,0,1,0,0,1,1,0,0,0,1
881098,1,1,0,0,0,0,0,0,0,0,0,0,0,0,0,0,0,0,1,0,1,0,1,0,0,0,0
881319,1,0,1,0,0,0,0,1,1,1,1,0,1,0,0,1,0,1,0,1,1,1,0,0,1,0,0
884121,0,1,0,0,0,0,0,0,0,1,0,0,1,0,0,1,0,0,0,0,1,1,0,0,0,0,1
885434,1,1,0,0,1,0,0,1,1,0,1,1,1,1,1,1,1,1,0,1,1,1,0,1,1,1,1
886014,0,1,0,0,0,0,1,1,1,1,1,1,1,0,0,1,0,1,0,1,1,1,0,0,0,1,0
888162,1,1,0,0,1,0,1,1,1,1,1,0,1,0,0,1,0,0,0,0,1,1,0,0,0,0,1
888595,0,0,0,0,0,0,0,0,0,0,0,1,0,0,0,0,0,0,1,0,0,1,0,0,0,0,0
890603,1,1,0,1,1,0,1,1,1,1,1,0,1,0,1,1,1,1,0,0,1,1,1,1,1,1,1
890966,0,1,1,0,1,0,1,1,1,1,0,0,1,0,0,0,0,0,0,1,1,1,0,0,0,0,0
893312,1,0,0,0,0,0,0,1,0,1,1,0,0,0,0,0,1,1,0,0,1,0,0,0,1,1,0
895574,0,1,1,0,0,0,0,0,0,0,1,0,0,0,0,0,0,1,0,0,1,1,1,1,1,0,0
895635,0,1,0,0,1,0,1,1,0,1,1,0,1,1,1,0,0,1,1,1,1,1,0,1,1,0,1
895683,0,1,0,0,0,0,0,1,1,1,0,0,1,0,0,0,0,1,0,1,1,1,1,0,0,0,0
896032,1,0,0,0,0,0,1,1,1,1,1,1,1,0,0,0,0,1,0,1,1,0,1,0,1,0,1
896075,1,0,1,0,1,1,1,1,1,1,0,1,1,1,0,1,1,1,1,1,1,1,1,0,1,1,1
896320,0,1,0,0,1,0,0,1,1,1,1,0,1,1,1,1,1,1,0,0,1,1,0,1,1,0,1
897822,0,0,0,0,0,0,0,0,1,1,0,0,0,0,0,1,0,0,0,0,1,0,0,0,0,0,0
898921,0,1,0,1,0,0,1,1,1,1,1,1,1,1,0,1,0,0,1,1,1,1,1,1,1,0,0
898952,0,1,0,1,0,0,1,1,1,1,0,0,1,1,0,0,1,1,0,1,1,1,1,1,1,0,1
899227,1,1,1,0,0,0,1,1,1,1,1,0,1,0,0,0,0,0,0,0,1,1,1,0,1,0,1
899380,1,1,1,0,1,0,0,1,1,1,1,1,1,1,1,0,1,1,0,1,1,1,0,1,1,1,1
901492,1,1,0,0,0,0,0,1,0,0,0,0,0,0,0,0,0,0,0,0,1,0,0,1,0,0,0
902405,1,0,0,0,0,0,0,1,1,1,0,1,1,0,0,1,1,0,0,0,0,1,0,0,0,0,0
903042,1,1,0,0,0,0,0,1,1,1,1,0,1,0,1,0,0,0,0,1,1,0,0,1,0,0,1
903644,1,1,0,1,0,0,0,1,1,1,1,1,1,1,1,1,1,1,0,0,1,1,1,0,1,1,1
903973,1,1,0,0,1,0,0,1,0,1,0,0,1,0,1,1,1,1,0,0,1,1,0,0,1,1,1
905154,1,1,0,0,1,0,0,1,1,1,1,1,1,1,0,1,0,0,0,1,1,0,0,1,0,0,1
906079,0,1,1,0,0,0,0,0,1,1,0,1,0,0,0,0,0,0,0,1,1,1,0,0,1,0,0
906883,1,0,0,0,0,0,1,1,1,0,1,0,1,1,1,0,0,0,1,1,0,1,1,0,1,0,1
908475,0,0,0,1,0,0,0,1,1,1,1,0,1,1,0,0,0,1,0,0,0,0,0,1,0,0,0
908691,0,1,1,1,0,0,0,0,1,1,0,0,1,0,0,0,1,1,0,0,1,1,0,1,0,1,0
909476,0,1,0,0,0,1,0,0,1,0,0,0,1,1,1,0,1,1,1,1,1,0,0,1,1,1,0
912944,0,1,0,0,0,1,0,0,0,1,0,0,0,0,0,0,0,0,0,1,0,0,0,0,0,0,0
913210,0,0,0,0,0,0,1,0,0,0,1,0,1,0,0,0,1,0,0,0,0,1,1,0,0,0,0
913873,0,1,0,0,0,0,1,0,0,0,0,0,1,0,0,0,0,0,0,0,0,0,0,0,0,0,0
914586,1,1,0,0,0,0,0,1,1,0,1,0,1,0,0,0,0,0,1,0,0,1,0,0,0,0,0
915048,0,1,0,1,1,0,0,1,1,1,1,0,1,1,0,1,0,1,1,0,0,0,0,0,0,1,1
916621,0,0,1,0,0,0,1,1,0,0,0,1,0,0,0,0,0,0,0,0,0,0,0,0,0,0,0
918964,0,1,0,0,0,0,0,1,0,0,1,0,1,1,1,0,0,1,1,1,1,1,0,0,1,0,1
918965,1,1,0,0,1,0,1,1,1,1,1,1,1,1,0,1,0,1,0,0,1,1,0,1,0,1,1
920077,0,1,0,0,0,0,1,1,1,0,1,0,1,0,0,0,0,1,0,1,1,1,1,1,0,0,0
920699,1,0,1,0,0,0,0,1,1,0,1,0,1,1,1,1,1,1,1,1,1,1,1,0,1,0,0
922849,1,1,0,0,0,0,0,1,1,0,0,0,1,0,0,0,0,0,0,1,1,1,0,1,0,0,0
924791,1,0,0,1,0,0,0,0,0,1,0,0,1,0,0,1,0,0,0,0,0,1,0,0,0,0,0
926732,0,1,1,0,0,0,0,0,1,0,0,1,1,1,1,0,0,0,0,1,1,1,1,1,1,1,1
926743,0,0,1,0,0,0,0,0,0,0,0,0,0,0,0,0,0,1,0,1,1,1,1,0,0,0,1
927567,1,1,1,0,1,0,1,0,1,1,1,0,1,0,0,1,0,0,1,1,1,1,1,1,0,1,0
928326,0,0,0,0,0,0,0,0,1,0,0,0,0,0,0,1,0,0,0,0,1,0,0,0,0,0,0
929610,1,1,0,0,0,0,1,1,1,0,1,0,1,0,1,0,0,1,0,0,1,0,0,1,0,1,0
930774,1,1,0,0,0,0,1,0,1,0,0,0,1,1,1,1,1,1,0,1,1,1,1,1,1,0,1
934096,1,1,0,1,0,0,0,1,1,1,1,0,1,1,1,0,1,1,1,1,1,1,1,1,1,0,1
934214,1,1,0,1,0,0,0,1,1,1,1,1,1,1,1,0,1,1,0,1,1,1,1,0,1,1,1
934480,0,1,1,0,1,0,0,1,1,1,1,1,1,1,1,0,0,1,1,1,1,1,0,1,1,0,1
934527,1,1,0,0,0,0,0,0,1,1,1,1,0,0,0,1,1,1,0,0,1,0,1,0,0,0,1
935374,1,1,1,0,1,0,0,1,1,0,0,0,1,1,1,1,1,0,0,1,1,1,1,1,1,0,1
936159,0,0,0,0,0,0,0,1,0,1,0,0,1,1,0,0,0,1,0,0,1,1,0,1,0,1,1
938445,1,1,0,0,0,0,0,1,1,0,0,0,0,0,0,1,1,0,0,1,0,1,1,0,0,1,0
942496,0,1,0,0,0,0,0,1,1,1,0,0,1,1,0,1,0,1,0,0,0,0,0,0,1,0,0
943667,0,0,0,0,0,0,1,0,1,1,0,1,1,0,0,1,0,0,0,0,0,0,1,0,0,0,0
945658,1,0,0,0,0,0,0,1,1,1,0,0,1,0,0,1,0,0,0,0,0,0,0,0,1,0,0
946251,1,1,0,0,1,1,1,1,1,1,1,1,1,1,1,0,0,0,1,1,1,1,0,0,1,1,1
947334,0,0,1,0,1,0,0,1,1,1,0,0,1,1,1,0,0,0,0,0,0,1,1,0,0,0,0
947453,0,1,0,0,0,0,1,1,1,1,1,0,0,0,0,0,0,1,0,0,0,0,0,0,0,0,0
947778,0,0,0,0,0,0,1,1,0,1,0,0,0,0,0,1,1,0,0,0,1,0,0,0,1,0,0
947900,0,1,0,0,0,0,1,1,0,0,1,0,0,0,0,0,0,0,1,0,1,0,0,0,1,0,0
948559,0,1,0,0,0,0,0,1,1,1,0,0,1,1,1,0,1,1,0,0,0,1,0,0,0,0,0
949062,1,1,0,0,1,0,0,1,0,1,1,0,1,0,1,0,1,0,0,0,1,1,0,0,1,0,1
949913,1,1,0,0,0,0,1,1,0,0,1,0,1,1,1,0,1,1,1,0,1,1,0,0,0,0,1
953340,0,1,0,0,0,0,0,1,1,1,0,1,1,0,0,0,0,0,1,1,0,1,0,0,0,1,1
953970,1,1,0,0,0,0,0,1,1,1,1,0,1,1,1,1,0,1,0,1,1,1,1,0,0,0,1
954748,0,1,0,0,0,0,0,1,0,1,0,0,1,0,0,1,0,0,0,0,1,1,0,0,0,0,0
954763,1,1,0,0,0,0,1,1,1,1,1,0,1,0,0,1,0,0,1,0,1,0,1,0,0,0,0
956991,0,1,0,0,0,0,0,1,0,0,1,0,1,0,0,1,1,0,0,0,0,0,0,0,0,0,0
957172,0,1,0,0,1,0,0,0,1,0,1,1,1,0,0,1,1,0,0,1,1,1,1,0,1,0,1
957762,1,1,0,0,1,0,1,1,1,1,0,0,1,0,0,0,0,0,0,0,0,1,0,0,0,0,1
958859,0,1,0,1,0,0,1,0,0,1,1,0,1,1,1,0,0,1,0,0,0,1,1,0,1,0,0
960072,1,1,0,0,0,0,0,1,1,1,1,0,1,1,0,0,0,0,0,0,0,0,0,1,0,0,1
960717,1,1,1,0,1,0,1,1,1,1,1,1,1,1,1,1,1,0,1,0,1,1,1,1,1,0,1
961034,0,0,0,0,1,0,1,1,1,0,0,0,1,0,0,0,0,1,0,1,1,1,1,0,1,0,0
961425,0,0,0,1,1,0,0,0,1,0,0,1,1,0,0,0,0,1,0,0,0,0,0,1,0,0,0
961714,0,1,0,0,0,0,0,1,1,1,1,1,1,0,0,0,0,1,0,0,1,1,0,1,0,1,0
962521,0,0,0,0,0,0,0,1,0,1,1,0,1,1,0,0,1,0,1,0,1,0,0,0,0,0,0
964616,0,1,0,0,0,1,0,1,1,0,1,0,1,0,0,0,0,0,0,1,1,1,0,0,0,0,1
965148,0,1,0,0,1,1,0,0,1,0,0,0,1,0,0,1,1,0,0,1,1,0,0,1,1,1,1
965588,0,1,1,0,0,0,0,1,1,1,1,0,1,1,0,0,0,0,0,1,1,0,0,0,1,1,1
966741,0,1,1,0,0,0,0,1,1,1,0,0,1,1,1,0,1,0,0,1,0,1,0,0,0,0,0
967576,0,1,0,1,1,0,1,1,1,1,1,1,1,1,1,0,0,1,0,1,1,1,0,0,0,1,0
967697,0,1,0,0,1,0,1,0,1,0,0,0,1,0,0,0,1,1,0,1,1,0,0,0,0,0,0
968549,1,1,0,0,0,0,1,1,1,0,0,0,1,0,0,0,0,1,0,0,1,1,1,0,1,0,1
968933,0,1,0,0,0,0,0,1,1,1,0,0,1,0,0,0,0,0,0,1,1,1,0,0,0,0,1
971169,0,1,0,0,0,0,1,1,1,1,1,1,1,0,1,0,1,0,0,0,0,0,1,0,0,0,1
975572,0,1,1,0,0,0,1,1,1,0,1,0,1,1,0,1,0,1,0,0,1,1,0,0,1,1,1
976826,0,1,0,0,0,0,0,0,1,1,0,1,0,0,0,0,0,1,0,0,0,1,0,0,1,0,0
981437,0,1,0,0,0,0,0,1,1,1,1,0,1,1,0,0,0,0,0,0,0,1,0,0,0,0,1
982440,1,0,0,1,0,0,1,0,0,0,1,0,1,1,1,1,1,0,0,0,1,1,0,0,1,0,1
982458,1,1,0,0,1,0,1,1,1,1,1,1,1,1,1,1,1,0,0,0,0,0,1,0,0,1,1
985351,1,1,0,0,0,0,0,1,0,0,0,0,1,0,0,0,0,1,0,0,1,1,0,0,1,0,0
986253,0,0,0,0,0,0,0,1,1,1,1,0,0,0,0,0,1,0,0,1,0,1,1,0,0,0,1
987418,1,1,0,0,0,0,1,1,1,1,1,0,0,0,0,0,1,1,1,0,1,0,0,0,0,1,0
987733,1,1,0,0,0,0,1,0,1,1,0,1,1,0,0,1,0,0,1,0,1,0,0,0,0,0,0
989284,0,1,0,1,1,0,0,1,1,0,1,1,1,1,1,1,1,1,0,1,1,1,1,0,0,1,1
990978,0,0,0,1,0,0,0,1,0,0,0,0,0,0,0,0,0,1,0,0,1,0,1,0,0,0,0
996361,1,1,0,1,0,0,0,1,1,0,0,1,1,0,1,1,0,0,0,0,0,0,1,0,1,1,0
