"","referent_units","partitioning_iterating","appropriateness","multiplicative_comparison"
"1",1,0.998333333333333,0.779666666666667,1
"2",0.0296666666666667,0.968333333333333,0.866666666666666,0.986666666666667
"3",0.011,0.966666666666667,0.871666666666667,0.991333333333333
"4",0.999666666666667,0.994333333333333,0.721666666666666,1
"5",0,0.992333333333333,0.0126666666666667,0.977333333333333
"6",0.543333333333333,0.991,0.966666666666667,0.405666666666667
"7",1,0.994333333333333,0.872666666666666,0.988
"8",0.004,0.564333333333333,0.173333333333333,0.959333333333333
"9",0.709666666666666,0.994333333333333,0.771666666666666,0.0153333333333333
"10",0.152333333333333,0.971,0.974666666666667,0.99
"11",0.00500000000000006,0.0033333333333333,0.725666666666666,0.933666666666667
"12",0.0496666666666665,0.0636666666666667,0.118666666666667,0.903666666666667
"13",0.00799999999999999,0.982,0.00666666666666659,0.0166666666666667
"14",1,0.995333333333333,0.968666666666667,1
"15",0.999666666666667,0.997,0.897333333333333,0.993333333333333
"16",0.992333333333333,0.949666666666667,0.865,0.214333333333333
"17",1,0.992666666666667,0.968333333333333,0.999666666666667
"18",0.881333333333333,0.991333333333333,0.967666666666667,0.999
"19",0.997666666666667,0.957666666666667,0.926666666666667,0.992
"20",1,1,0.865666666666667,0.999666666666667
"21",0.0573333333333334,0.0113333333333335,0.932666666666667,0.937333333333333
"22",0.549666666666666,0.109666666666667,0.013,0.113666666666666
"23",0.0669999999999999,0.130333333333333,0.972,0.898666666666667
"24",1,1,0.875333333333333,0.994
"25",0.976,0.997666666666667,0.929,0.995
"26",0.0526666666666664,0.157333333333333,0.101,0.0580000000000001
"27",0.997,0.997333333333333,0.927333333333333,0.980333333333333
"28",0.527333333333334,0.0516666666666666,0.631666666666667,0.966666666666667
"29",0.999,0.998333333333333,0.973,0.998
"30",0.0143333333333334,0.499,0.000666666666666663,0.841333333333333
"31",0.577666666666667,0.0766666666666666,0.0163333333333331,0.0983333333333333
"32",0.997333333333333,0.667333333333333,0.871333333333333,0.994
"33",0.633333333333334,0.0986666666666668,0.00733333333333331,0.0306666666666665
"34",0.0136666666666668,0.00266666666666668,0.975333333333333,0.931
"35",0.663,0.0853333333333329,0.00433333333333335,0.0316666666666668
"36",0.0553333333333333,0.56,0.493333333333334,0.791333333333333
"37",0.0833333333333333,0.102333333333333,0.773333333333333,0.895666666666666
"38",0.999333333333333,0.0176666666666667,0.00233333333333334,0.998666666666667
"39",0.692,0.792666666666667,0.933333333333333,0.921666666666667
"40",0.0596666666666666,0.966666666666667,0.970666666666667,0.99
"41",0.245,0.188,0.0940000000000002,0.0469999999999997
"42",0.007,0.044,0.169,0.930666666666666
"43",1,0.998,0.867,0.985333333333333
"44",0.0746666666666664,0.0953333333333336,0.0759999999999999,0.900333333333333
"45",0.0726666666666667,0.153,0.435666666666667,0.892
"46",0.559333333333333,0.838,0.0123333333333334,0.162333333333334
"47",0.125333333333333,0.167666666666667,0.239,0.0569999999999997
"48",0.184,0.0863333333333333,0.636333333333334,0.930333333333333
"49",0.487,0.127666666666667,0.00466666666666668,0.038333333333333
"50",0.993333333333333,0.965,0.882333333333334,0.986
"51",0.106333333333334,0.867,0.969666666666666,0.290333333333333
"52",0.110333333333333,0.621666666666667,0.967,0.975
"53",0.987,0.024,0.865333333333333,0.956666666666667
"54",0.998666666666667,0.989,0.861,1
"55",0.014,0.0396666666666667,0.969,0.933333333333333
"56",0.929666666666667,0.788666666666666,0.969333333333333,0.856
"57",0.974666666666667,0.938,0.872666666666667,0.905
"58",0.0696666666666668,0.0813333333333334,0.634666666666666,0.892
"59",0.314333333333333,0.0450000000000001,0.0260000000000002,0.939
"60",0.489333333333333,0.0206666666666666,0.131666666666666,0.957666666666667
"61",1,0.995333333333333,0.966,0.996333333333333
"62",0.203,0.145333333333333,0.133666666666667,0.0576666666666667
"63",0.910666666666667,0.879666666666667,0.131333333333333,0.989666666666667
"64",0.998,0.999,0.926333333333333,0.994666666666667
"65",0.988333333333333,0.458666666666667,0.973666666666667,0.913666666666666
"66",0.984333333333333,0.992,0.236,0.00366666666666663
"67",0.634666666666666,0.0560000000000002,0.776,0.95
"68",0.55,0.0346666666666667,0.012,0.938666666666667
"69",0.653666666666667,0.657333333333333,0.969666666666666,0.994666666666667
"70",0.202,0.858,0.972333333333333,0.145333333333333
"71",0.252,0.0033333333333333,0.917666666666667,0.951
"72",0.893666666666667,0.916666666666667,0.713333333333334,0.998666666666667
"73",0.017,0.923333333333333,0.924666666666667,0.021
"74",0.019,0.00666666666666663,0.721666666666666,0.933
"75",0.0133333333333334,0.0996666666666668,0.851333333333333,0.918666666666667
"76",0.999666666666667,0.230999999999999,0.930333333333333,0.996
"77",0.700666666666667,0.635333333333333,0.032,0.013
"78",0.122666666666667,0.376,0.918333333333333,0.950666666666667
"79",0.925666666666667,1,0.972,0.995
"80",0.516333333333334,0.0539999999999999,0.0523333333333333,0.962333333333333
"81",0.435666666666667,0.864666666666666,0.969666666666667,0.800666666666666
"82",0.987,0.959333333333333,0.966333333333333,0.858333333333333
"83",0.927666666666666,0.000666666666666669,0.971,0.958
"84",0.566333333333334,0.969,0.873666666666667,0.980333333333333
"85",1,0.997666666666667,0.859666666666667,0.999666666666667
"86",0.954,0.102666666666667,0.969666666666667,0.994
"87",0.998666666666667,0.998,0.868666666666667,0.999333333333333
"88",0.815,0.0866666666666669,0.783666666666668,0.019
"89",0.927,0.995,0.0436666666666666,0.0626666666666666
"90",0.00733333333333327,0.996,0.176333333333333,0.188333333333334
"91",0.0786666666666665,0.0976666666666664,0.434,0.894333333333333
"92",0.234666666666667,0.01,0.238333333333333,0.0550000000000001
"93",0.987,0.0140000000000001,0.233,0.999
"94",0.605333333333333,0.797666666666667,0.419,0.978
"95",0.531666666666667,0.045,0.00366666666666664,0.715999999999999
"96",0.226333333333334,0.0766666666666665,0.972333333333333,0.941333333333333
"97",0.994,0.548333333333333,0.864,0.893333333333333
"98",0.792,0.987666666666667,0.874,0.473
"99",0.565,0.993,0.967333333333333,0.979
"100",1,0.979,0.968666666666667,0.996333333333333
"101",0.143333333333333,0.983666666666667,0.766000000000001,0.169333333333333
"102",0.999666666666667,0.99,0.968666666666667,1
"103",0.995,0.00300000000000003,0.000333333333333343,0.969666666666667
"104",0.603666666666666,0.866,0.970666666666667,0.986333333333333
"105",0.996333333333333,0.00933333333333338,0.342666666666667,0.961666666666667
"106",1,0.833666666666667,0.970666666666667,0.996
"107",0.233666666666667,0.143666666666667,0.0773333333333333,0.0566666666666667
"108",0.077,0.012,0.102666666666667,0.075
"109",0.00166666666666666,0.968666666666667,0.966666666666667,0.988666666666666
"110",0.304666666666667,0.94,0.968666666666667,0.892333333333333
"111",0.979333333333333,0.996666666666667,0.970333333333333,0.999333333333333
"112",0.985666666666667,0.998,0.860333333333333,0.891
"113",0.311,0.993333333333333,0.968666666666667,0.994
"114",0.992,0.919,0.00400000000000002,0.043
"115",1,0.998666666666667,0.973666666666667,0.997333333333333
"116",1,0.999,0.969333333333333,1
"117",0.898666666666667,0.0303333333333333,0.869333333333333,0.959
"118",1,1,0.896666666666667,1
"119",0.0249999999999998,0.811,0.922333333333333,0.0303333333333334
"120",0.309333333333333,0.978333333333333,0.868,0.991333333333333
"121",0.148333333333333,0.00966666666666675,0.964,0.0693333333333335
"122",0.995333333333333,0.996666666666667,0.485666666666666,0.999666666666667
"123",0.673333333333334,0.00233333333333335,0.871,0.953333333333333
"124",0.0440000000000001,0.00433333333333335,0.0183333333333333,0.917666666666667
"125",0.224,0.871333333333333,0.868,0.126333333333333
"126",0.0426666666666667,0.258,0.417666666666667,0.107
"127",1,0.991666666666667,0.974,1
"128",0.12,0.972333333333333,0.755,0.980666666666667
"129",0.295666666666667,0.00633333333333334,0.970666666666667,0.82
"130",0.0569999999999998,0.0680000000000002,0.0163333333333332,0.933666666666667
"131",0.077,0.0969999999999999,0.860666666666666,0.892333333333333
"132",0.0166666666666667,0.979666666666667,0.722333333333333,0.969
"133",0.954666666666667,0.978,0.895333333333333,0.984333333333333
"134",0.992333333333333,0.927,0.894,0.999666666666667
"135",0.056,0.0699999999999999,0.0286666666666669,0.93
"136",0.301,0.0103333333333333,0.970333333333333,0.0540000000000001
"137",1,0.999666666666667,0.973,0.945333333333333
"138",0.144000000000001,0.0653333333333334,0.328666666666667,0.927333333333333
"139",0.227333333333333,0.513666666666667,0.125333333333333,0.741
"140",0.279,0.142333333333333,0.969666666666667,0.0513333333333333
"141",0.999333333333333,0.999666666666667,0.973666666666667,0.994666666666667
"142",0.012,0.993,0.422333333333333,0.973666666666667
"143",0.251666666666667,0.867,0.776666666666667,0.137666666666667
"144",0.999666666666667,0.999333333333333,0.771666666666666,0.986666666666667
"145",0.875666666666666,0.980666666666667,0.868666666666667,0.760333333333334
"146",0.0203333333333333,0.00266666666666666,0.869666666666667,0.925333333333333
"147",0.0136666666666666,0.0669999999999999,0.425333333333333,0.916666666666667
"148",0.195333333333333,0.79,0.889,0.142
"149",0.712,0.0623333333333334,0.00333333333333331,0.0253333333333334
"150",0.00533333333333335,0.992333333333333,0.863666666666666,0.970333333333333
"151",0.988333333333333,0.00633333333333329,0.97,0.998666666666667
"152",1,0.997666666666667,0.967,1
"153",0.185666666666667,0.0366666666666666,0.969666666666667,0.943666666666666
"154",0.992333333333333,0.998666666666667,0.861333333333333,0.995333333333333
"155",0.662333333333334,0.00900000000000004,0.0580000000000001,0.0290000000000001
"156",0.627666666666666,0.324,0.105666666666667,0.0260000000000001
"157",0.909,0.997,0.971666666666667,0.0766666666666669
"158",0.985,0.917,0.185666666666667,0.0203333333333333
"159",0.511666666666667,0.0656666666666665,0.972666666666667,0.0416666666666667
"160",0.0166666666666667,0.0696666666666667,0.870333333333333,0.918666666666667
"161",0.00366666666666664,0.970333333333333,0.967333333333333,0.989666666666667
"162",0.0316666666666667,0.442333333333334,0.434666666666667,0.945
"163",0.0193333333333333,0.850666666666667,0.788333333333333,0.312333333333333
"164",1,0.986333333333333,0.973666666666667,0.996666666666667
"165",0.244333333333333,0.155333333333333,0.00500000000000009,0.0496666666666666
"166",0.974,0.101,0.931666666666667,0.959333333333333
"167",0.209333333333333,0.002,0.972333333333333,0.944333333333333
"168",0.816,0.340333333333333,0.966666666666667,0.970666666666667
"169",0.056,0.199666666666667,0.425666666666666,0.0680000000000001
"170",1,0.995,0.51,0.984
"171",0.0816666666666665,0.963666666666667,0.0426666666666667,0.825666666666667
"172",0.062,0.00633333333333326,0.331333333333333,0.943
"173",0.992333333333333,0.999,0.868,0.995333333333333
"174",0.974,0.912333333333334,0.867333333333334,0.00266666666666661
"175",0.0156666666666666,0.995,0.620666666666667,0.986666666666667
"176",0.25,0.998333333333333,0.728666666666667,0.153333333333334
"177",0.0509999999999999,0.988333333333333,0.170666666666667,0.181666666666667
"178",0.125666666666667,0.0130000000000001,0.441666666666667,0.0726666666666667
"179",0.990333333333333,0.789333333333334,0.774,0.806333333333333
"180",0.988666666666667,0.99,0.969333333333333,0.999333333333333
"181",0.0450000000000001,0.0643333333333334,0.894666666666667,0.913
"182",0.353,0.952333333333333,0.0233333333333333,0.567333333333333
"183",0.994,0.997666666666667,0.866666666666666,0.923333333333333
"184",0.00533333333333336,0.597333333333333,0.00500000000000008,0.900333333333333
"185",0.0226666666666666,0.0476666666666669,0.430666666666666,0.921
"186",0.98,0.002,0.00166666666666669,0.995666666666667
"187",0.00633333333333334,0.810666666666667,0.177666666666666,0.0280000000000001
"188",0.536,0.063,0.103333333333333,0.945333333333333
"189",0.997666666666667,0.948333333333333,0.867333333333334,0.999333333333333
"190",0.577000000000001,0.317,0.974666666666667,0.933333333333333
"191",0.838,0.0386666666666666,0.628666666666666,0.987666666666667
"192",0.00799999999999999,0.990666666666667,0.867666666666667,0.972666666666667
"193",0.554333333333334,0.62,0.00200000000000009,0.0166666666666667
"194",0.996666666666667,0.655333333333333,0.243666666666667,0.997666666666667
"195",0.639,0.226666666666667,0.718,0.921333333333333
"196",0.998333333333333,0.912666666666667,0.973,0.999333333333333
"197",0.242666666666667,0.0750000000000001,0.136333333333334,0.835666666666666
"198",0.93,0.0206666666666666,0.729333333333334,0.0116666666666666
"199",0.999666666666667,0.956666666666667,0.290666666666667,0.988666666666667
"200",0.0693333333333335,0.969666666666667,0.859333333333333,0.846666666666667
"201",0.00666666666666663,0.034,0.175,0.939666666666666
"202",0.104333333333334,0.00333333333333329,0.0153333333333333,0.896333333333333
"203",0.821333333333333,0.835333333333333,0.873333333333334,0.977333333333333
"204",0.984666666666667,0.789,0.968333333333333,0.987666666666667
"205",1,0,0.867,0.997333333333333
"206",1,0.990333333333333,0.936333333333333,0.983333333333333
"207",0.0706666666666666,0.00466666666666669,0.864333333333334,0.917333333333334
"208",1,0.969333333333333,0.923666666666667,0.999333333333333
"209",0.978333333333333,1,0.972333333333333,0.992666666666667
"210",0.964,0.0360000000000001,0.860666666666666,0.00700000000000002
"211",0.000666666666666655,0.931666666666667,0.968,0.975333333333333
"212",1,1,0.973666666666667,0.999333333333333
"213",0.218,0.978333333333333,0.97,0.285333333333333
"214",0.993666666666667,0.000333333333333341,0.974333333333333,0.998333333333333
"215",0.983333333333333,0.004,0.721,0.964333333333333
"216",0.351333333333333,0.121,0.00500000000000005,0.0430000000000002
"217",0.513,0.0386666666666666,0.865333333333333,0.942333333333333
"218",0.667,0.971,0.594333333333333,0.82
"219",0.992,0.00266666666666661,0.228,0.998333333333333
"220",0.113333333333333,0.457666666666666,0.000333333333333329,0.857666666666667
"221",0.999666666666667,0.95,0.723333333333333,0.802333333333333
"222",0.00500000000000005,0.997666666666667,0.00300000000000002,0.990666666666667
"223",0.999,0.0150000000000001,0.965333333333333,0.998666666666667
"224",0.933,0.571,0.647333333333334,0.00600000000000008
"225",0.669666666666667,0.990333333333333,0.231333333333334,0.0173333333333334
"226",0.833666666666667,0.962666666666667,0.773333333333333,0.994333333333333
"227",0.0766666666666668,0.663333333333333,0.866666666666666,0.900666666666667
"228",0.430333333333333,0.705666666666667,0.019,0.0280000000000001
"229",0.999666666666667,0,0.721333333333333,0.997
"230",0.991333333333333,0.992333333333333,0.973,0.368
"231",0.0216666666666667,0.014,0.421666666666667,0.0799999999999999
"232",1,1,0.895333333333333,0.984
"233",1,0.995333333333333,0.860666666666666,0.999333333333333
"234",0.369333333333333,0.00899999999999992,0.972,0.0649999999999999
"235",0.998666666666667,0.988333333333333,0.916333333333333,1
"236",0.538333333333333,0.998666666666667,0.931666666666667,0.994
"237",0.758333333333334,0.004,0.108333333333333,0.024
"238",1,0.999,0.969333333333333,0.998666666666667
"239",0.555,0.519999999999999,0.0483333333333334,0.926333333333333
"240",0.0836666666666669,0.98,0.077,0.173666666666667
"241",0.169666666666666,0.283,0.104,0.882
"242",0.158333333333333,0.12,0.864,0.927333333333333
"243",0.0526666666666664,0.198,0.0543333333333333,0.106666666666667
"244",0.656333333333334,0.00600000000000006,0.975333333333333,0.0296666666666667
"245",0.439333333333333,0.394000000000001,0.969666666666667,0.967666666666667
"246",0.218999999999999,0.960666666666667,0.732333333333334,0.990666666666667
"247",0.993,0.967333333333333,0.896666666666667,0.989333333333333
"248",0.752,0.204,0.873,0.96
"249",0.196666666666667,0.00266666666666666,0.0123333333333334,0.849999999999999
"250",0.214,0.975,0.117,0.989333333333333
"251",0.438666666666667,0.992,0.0256666666666667,0.871
"252",0.367333333333333,0.994,0.00200000000000001,0.982666666666667
"253",1,0.953,0.004,0.990666666666667
"254",0.999333333333333,0.999666666666667,0.932666666666667,0.985
"255",0.995,0.995333333333333,0.718333333333333,0.999666666666667
"256",0.597666666666667,0.851,0.41,0.990666666666667
"257",0.600333333333334,0.958666666666667,0.716666666666667,0.981
"258",0.0233333333333333,0.997666666666667,0.889,0.966
"259",0.999333333333333,1,0.895333333333333,0.993666666666667
"260",0.999333333333333,0.897333333333333,0.734666666666667,0.998666666666667
"261",0.774666666666666,0.00500000000000009,0.102666666666667,0.0206666666666667
"262",0.429666666666667,0.166666666666667,0.785666666666668,0.0423333333333332
"263",0.725,0.984333333333333,0.722333333333333,0.991
"264",0.045,0.073333333333333,0.866666666666666,0.925
"265",1,1,0.965666666666667,0.999666666666667
"266",0.998666666666667,0.986333333333333,0.782333333333333,0.995333333333333
"267",0.895333333333333,0.553,0.773,0.998333333333333
"268",0.998333333333333,0.996,0.594666666666667,0.99
"269",0.984666666666667,0.777333333333333,0.921666666666667,0.996
"270",0.983,0.868666666666667,0.879666666666667,0.00500000000000006
"271",0.0243333333333333,0.0123333333333334,0.00466666666666669,0.079
"272",0.999666666666667,0.955333333333333,0.930666666666667,0.992666666666667
"273",0.0550000000000002,0.671333333333333,0.00233333333333328,0.0343333333333332
"274",0.306,0.0113333333333333,0.229333333333334,0.0563333333333335
"275",0.958,0.022,0.783,0.965666666666667
"276",0.995,0.0063333333333333,0.235333333333333,0.998
"277",1,0.997333333333333,0.765,1
"278",0.999,1,0.970666666666667,1
"279",0.97,0.960333333333333,0.862333333333333,0.998333333333333
"280",0.348,0.0126666666666667,0.439333333333333,0.0526666666666666
"281",0.123666666666667,1,0.876,0.978666666666667
"282",0.141333333333333,0.00900000000000003,0.933666666666667,0.0706666666666667
"283",0.570333333333333,0.992666666666667,0.00266666666666666,0.180333333333333
"284",0.986333333333333,0.108666666666667,0.968666666666667,0.996333333333333
"285",0.999666666666667,0.0023333333333333,0.581333333333333,0.998666666666667
"286",1,1,0.00200000000000001,0.999666666666667
"287",0.77,0.00333333333333329,0.773333333333333,0.0196666666666666
"288",0.936,0.996666666666667,0.739666666666666,0.999333333333333
"289",1,0.993,0.633,0.996333333333333
"290",0.0316666666666666,0.0106666666666666,0.00466666666666671,0.0750000000000001
"291",0.104666666666667,0.91,0.413999999999999,0.981666666666667
"292",0.119,0.185,0.0143333333333333,0.0616666666666667
"293",0.427666666666666,0.00400000000000008,0.875,0.944666666666667
"294",0.011,0.149,0.884,0.933333333333333
"295",1,0.999,0.97,1
"296",0.0623333333333334,0.927333333333333,0.0976666666666666,0.964333333333333
"297",1,0.965,0.895333333333333,0.999333333333333
"298",0.0326666666666664,0.988,0.969333333333333,0.978333333333333
"299",0.865333333333333,0.987,0.971333333333333,0.281333333333334
"300",1,0.994,0.917333333333333,0.993
"301",0.982333333333334,0,0.900666666666667,0.963666666666667
"302",0.952666666666667,0.00533333333333336,0.925,0.995
"303",1,0.985333333333333,0.975666666666667,0.998
"304",1,0.00233333333333335,0.598333333333333,0.999333333333333
"305",0.999666666666667,0.999666666666667,0.975666666666667,1
"306",0.321,0.157333333333333,0.858666666666667,0.0746666666666665
"307",0.86,0.0996666666666668,0.968333333333333,0.0126666666666666
"308",0.173666666666666,0.011,0.0669999999999999,0.0686666666666665
"309",0.215333333333333,0.441666666666667,0.045,0.856333333333333
"310",0.692666666666667,0.159,0.968,0.0663333333333334
"311",0.990666666666667,0.999666666666667,0.867333333333334,0.989
"312",0.298666666666666,0.670333333333334,0.629666666666667,0.0206666666666667
"313",0.00566666666666673,0.371,0.907333333333333,0.951666666666667
"314",0.955,0.998666666666667,0.924666666666667,0.985
"315",0.522,0.473,0.169,0.967
"316",0.777333333333333,0.988333333333333,0.421333333333334,0.0606666666666666
"317",0.0203333333333333,0.993,0.0750000000000002,0.979666666666667
"318",0.540666666666667,0.00366666666666664,0.967333333333333,0.952
"319",0.0576666666666666,0.247666666666667,0.000999999999999999,0.106333333333333
"320",0.402333333333333,0.0263333333333333,0.787,0.947666666666667
"321",0.997666666666667,0.953666666666667,0.967666666666667,0.999666666666667
"322",0.0949999999999999,0.544,0.178333333333333,0.795666666666666
"323",0.0303333333333334,0.968,0.967666666666667,0.981333333333333
"324",0.00133333333333334,0.93,0.925,0.881666666666667
"325",0.806666666666667,0.859666666666667,0.640333333333333,0.858
"326",0.0290000000000001,0.540000000000001,0.00266666666666666,0.822
"327",1,0.0386666666666666,0.970666666666667,0.998333333333333
"328",0.488,0.00233333333333334,0.868,0.940666666666666
"329",0.0303333333333334,0.997666666666667,0.428666666666666,0.989
"330",1,0.00100000000000002,0.927,0.999
"331",0.322666666666667,0.939666666666667,0.893333333333333,0.988333333333333
"332",0.996,0.000333333333333337,0.866666666666666,0.998333333333333
"333",0.00266666666666668,0.548333333333334,0.772666666666667,0.836666666666667
"334",0.994666666666667,0.818,0.885666666666667,0.989
"335",0.349333333333333,0.603666666666667,0.969333333333333,0.848
"336",1,0.999,0.931,0.999666666666667
"337",0.999333333333333,0.969333333333333,0.724333333333333,1
"338",0.998,0.995666666666667,0.888333333333333,0.995666666666667
"339",0.118333333333333,0.0643333333333333,0.429000000000001,0.874333333333334
"340",1,0.997333333333333,0.969,0.999666666666667
"341",1,0.976666666666667,0.776666666666667,0.999333333333333
"342",0.377,0.880333333333333,0.865666666666667,0.112333333333334
"343",0.994,0.997333333333333,0.241666666666667,0.748333333333333
"344",0.139333333333334,0.00233333333333334,0.0203333333333333,0.947666666666667
"345",0.0420000000000001,0.764666666666667,0.169,0.0356666666666668
"346",0.745333333333333,0.0169999999999999,0.00833333333333332,0.982666666666667
"347",0.997,0.376666666666667,0.926,0.998666666666667
"348",0.363,0.162,0.924666666666667,0.049
"349",0.0983333333333335,0.161666666666667,0.504999999999999,0.0633333333333336
"350",0.999666666666667,0.997333333333333,0.876666666666666,0.996333333333333
"351",0.155,0.0200000000000001,0.00666666666666663,0.0943333333333334
"352",0.999,0.965333333333333,0.924,0.872333333333333
"353",0.972666666666667,0.992333333333333,0.924333333333333,0.746666666666667
"354",0.183666666666666,0.0126666666666667,0.015,0.069
"355",0.999333333333333,0.00233333333333334,0.97,0.998333333333333
"356",0.968666666666667,0.083,0.0133333333333334,0.00866666666666668
"357",0.490666666666667,0.489,0.320666666666666,0.0293333333333333
"358",0.0606666666666668,0.00233333333333332,0.0363333333333333,0.907333333333333
"359",0.226,0.994666666666667,0.87,0.99
"360",1,0.800333333333333,0.420333333333333,0.999
"361",0.996333333333333,0.909333333333333,0.234666666666667,1
"362",0.999,0.988,0.972333333333333,0.999333333333333
"363",0.0183333333333332,0.00266666666666663,0.00466666666666668,0.929
"364",0.158,0.0463333333333335,0.860333333333333,0.859666666666667
"365",0.949,0.998666666666667,0.172666666666667,0.993
"366",0.675000000000001,0.132666666666667,0.0116666666666666,0.984666666666667
"367",1,0.999666666666667,0.926333333333333,0.999
"368",0.025,0.0130000000000001,0.0536666666666667,0.0833333333333332
"369",1,0.988333333333333,0.583333333333333,0.999
"370",0.0813333333333334,0.596666666666666,0.509,0.901666666666666
"371",0.527333333333334,0.496333333333333,0.925666666666667,0.586666666666667
"372",0.544666666666667,0.997666666666667,0.235666666666666,0.991
"373",0.979333333333334,0.996,0.891,0.905666666666667
"374",0.709333333333333,0.906333333333334,0.0439999999999999,0.012
"375",1,0.998666666666667,0.972333333333333,0.999666666666667
"376",0.011,0.0656666666666666,0.00633333333333331,0.932
"377",0.999666666666667,0.758666666666667,0.442333333333333,0.999
"378",1,0.959,0.967333333333333,0.872666666666667
"379",0.00533333333333331,0.528666666666667,0.327,0.830666666666667
"380",0.544666666666667,0.00500000000000006,0.0100000000000001,0.947333333333334
"381",0.0636666666666668,0.861333333333334,0.779666666666666,0.166666666666667
"382",0.974333333333333,0.981666666666667,0.0969999999999998,0.992666666666667
"383",0.0516666666666669,0.563666666666667,0.00433333333333336,0.972666666666667
"384",0.145,0.00166666666666666,0.969,0.934666666666667
"385",0.997,0.00933333333333332,0.963666666666667,0.944333333333333
"386",0.992666666666667,0.116333333333333,0.72,0.996333333333333
"387",0.996666666666667,0.994333333333333,0.171666666666666,0.994666666666667
"388",0.967,0.972333333333333,0.336999999999999,0.995333333333333
"389",0.991333333333333,0.000333333333333331,0.863333333333333,0.996
"390",0.999333333333333,0.435666666666667,0.933666666666667,0.998
"391",0.999333333333333,0.979333333333333,0.721333333333333,0.932666666666667
"392",1,0.954333333333333,0.444,0.908666666666667
"393",0.964,0.0156666666666668,0.061,0.996666666666667
"394",0.00200000000000001,0.998666666666667,0.590333333333333,0.992
"395",0.408,0.975666666666667,0.425,0.0153333333333333
"396",0.998666666666667,0.997,0.00600000000000001,0.985333333333333
"397",0.695,0.816,0.973333333333333,0.989666666666667
"398",0.812333333333333,0.969,0.971666666666667,0.982666666666667
"399",1,0.993333333333333,0.587,0.997333333333333
"400",0.219333333333333,0.0763333333333335,0.927666666666667,0.86
"401",1,1,0.871,1
"402",0.990666666666667,0.999,0.773666666666667,0.986666666666667
"403",0.418333333333334,0.162,0.862,0.723333333333333
"404",0.492333333333333,0.100333333333334,0.639,0.0420000000000002
"405",0.120333333333334,0.0393333333333332,0.0286666666666668,0.896
"406",0.919666666666667,0.00066666666666666,0.0456666666666664,0.0146666666666666
"407",0.978666666666667,0,0.861,0.996666666666667
"408",0.163,0.014,0.00633333333333334,0.0520000000000001
"409",0.990666666666667,0.991666666666667,0.865,0.999
"410",0.996666666666667,0.00100000000000001,0.727333333333333,0.997
"411",0.744,0.993666666666667,0.165333333333333,0.00633333333333326
"412",0.946333333333333,0.0433333333333334,0.170333333333333,0.558
"413",0.933,0.677666666666666,0.971666666666667,0.997333333333333
"414",0.720666666666667,0.0406666666666667,0.862,0.644666666666667
"415",0.546,0.0856666666666668,0.0103333333333333,0.0340000000000001
"416",0.543333333333332,0.036,0.970333333333333,0.948
"417",1,0.970666666666667,0.972,0.998666666666667
"418",0.370666666666667,0.988333333333333,0.442666666666667,0.977333333333333
"419",0.00566666666666667,0.955,0.965333333333333,0.987666666666667
"420",0.812333333333333,1,0.974333333333333,0.994
"421",0.932,0.554,0.879,0.00633333333333331
"422",0.821,0.907,0.873,0.998333333333333
"423",0.0233333333333332,0.997666666666667,0.861333333333333,0.993666666666667
"424",0.278666666666667,0.288666666666667,0.785999999999999,0.838
"425",0.0440000000000001,0.00366666666666664,0.972,0.913333333333333
"426",0.980333333333333,0.0513333333333334,0.0103333333333332,0.145
"427",0.939,0.894333333333333,0.925,0.999
"428",0.995,0.999666666666667,0.971,0.996333333333333
"429",0.996666666666667,0.000666666666666671,0.968333333333333,0.999
"430",0.3,0.855666666666667,0.635666666666667,0.0186666666666666
"431",0.904666666666666,0.12,0.966,0.995
"432",0.061,0.218666666666667,0.970333333333333,0.0573333333333334
"433",0.168666666666667,0.004,0.969666666666667,0.949333333333333
"434",0.866333333333333,0.00266666666666661,0.93,0.962333333333333
"435",0.998,0.004,0.971666666666667,0.998
"436",0.959333333333333,0.972,0.0113333333333334,0.927
"437",0.911333333333333,0.0300000000000002,0.233666666666667,0.963666666666667
"438",0.00400000000000003,0.965,0.972,0.986333333333333
"439",0.032,0.0163333333333333,0.0143333333333333,0.0806666666666672
"440",0.83,0.975666666666667,0.970333333333333,0.983
"441",0.954,0.00466666666666668,0.931666666666667,0.997
"442",0.0989999999999999,0.04,0.225333333333334,0.0763333333333334
"443",0.449333333333333,0.00333333333333331,0.928333333333333,0.947333333333333
"444",0.123333333333333,0.997333333333333,0.012,0.992
"445",0.826,0.996666666666667,0.929333333333333,0.00366666666666663
"446",0.00566666666666667,0.805,0.0543333333333332,0.0543333333333334
"447",1,0.997333333333333,0.972,1
"448",0.187333333333333,0.839666666666667,0.00433333333333335,0.0396666666666667
"449",0.994,1,0.860333333333333,0.996666666666667
"450",0.043,0.00733333333333328,0.585333333333333,0.922666666666667
"451",0.0509999999999999,0.690666666666667,0.867333333333333,0.047
"452",1,0.996666666666667,0.869,0.999666666666667
"453",0.544999999999999,0.921333333333334,0.928333333333333,0.993333333333333
"454",0.022,0.991333333333333,0.762,0.967666666666667
"455",0.488666666666666,0.00566666666666665,0.0133333333333333,0.0440000000000001
"456",0.947,0.999666666666667,0.973333333333333,0.993333333333333
"457",1,1,0.865333333333333,0.992666666666667
"458",0.183666666666666,0.814,0.00466666666666668,0.0226666666666666
"459",0.0120000000000002,0.922666666666667,0.0436666666666666,0.757333333333334
"460",0.0266666666666667,0.804333333333333,0.0153333333333333,0.0293333333333333
"461",0.0523333333333333,0.012,0.025,0.0689999999999999
"462",0.820666666666667,0.0306666666666666,0.0560000000000003,0.0253333333333334
"463",0.0306666666666667,0.0116666666666666,0.167333333333334,0.0840000000000001
"464",0.981666666666667,0.992666666666667,0.781,0.851333333333334
"465",0.757,0.995333333333333,0.00500000000000006,0.118333333333333
"466",0.105666666666666,0.928333333333333,0.966333333333333,0.708666666666667
"467",0.989,0.0956666666666668,0.973,0.996666666666667
"468",0.994666666666667,0.002,0.974666666666667,0.998
"469",0.957,0.986666666666667,0.867,0.995
"470",0.999333333333333,0.00300000000000001,0.919666666666667,0.998666666666667
"471",0.998666666666667,0.983333333333333,0.972666666666667,1
"472",0.605999999999999,0.926,0.168666666666667,0.991333333333333
"473",0.148,0.473,0.975333333333333,0.844
"474",0.968333333333333,0.989333333333333,0.868,0.858999999999999
"475",0.002,0.962333333333333,0.966333333333333,0.985666666666667
"476",0.989666666666667,0.325666666666667,0.725,0.002
"477",0.714666666666667,0.551333333333334,0.965666666666667,0.873333333333333
"478",0.277333333333333,0.953,0.932666666666667,0.988333333333333
"479",0.995,0.999333333333333,0.970666666666667,1
"480",1,0.996333333333333,0.974333333333333,0.998666666666667
"481",1,0.973,0.850333333333333,0.994
"482",0.338666666666666,0.011,0.510666666666667,0.0580000000000001
"483",0.980333333333333,0.981666666666667,0.967333333333333,0.904666666666666
"484",0.125666666666666,0.909666666666667,0.973666666666667,0.766333333333334
"485",0.826666666666667,0.028,0.324666666666667,0.958666666666667
"486",0.977333333333333,0.999666666666667,0.774333333333334,0.992
"487",0.14,0.0133333333333334,0.00100000000000001,0.0720000000000001
"488",0.989333333333333,0.961333333333333,0.878,0.999333333333333
"489",0.435333333333334,0.377333333333334,0.933666666666667,0.779666666666667
"490",0.0776666666666666,0.955666666666667,0.861,0.985666666666666
"491",0.726666666666667,0.307333333333333,0.177666666666666,0.946333333333333
"492",0.000666666666666661,0.995666666666667,0.873333333333333,0.970666666666667
"493",0.995333333333333,0.989666666666667,0.967,0.986333333333333
"494",0.369666666666666,0.118333333333333,0.227333333333333,0.751666666666668
"495",0.0196666666666666,0.536333333333334,0.004,0.828666666666666
"496",0.544666666666667,0.0113333333333333,0.773666666666667,0.702333333333333
"497",0.96,0.998333333333333,0.968666666666667,0.994
"498",0.00066666666666667,0.929,0.0493333333333334,0.753666666666666
"499",0.0580000000000001,0.0553333333333333,0.242,0.931666666666667
"500",0.00433333333333336,0.00533333333333334,0.966666666666667,0.934666666666667
"501",0.981666666666667,0.994,0.970666666666667,0.993666666666666
"502",0.451666666666666,0.007,0.423666666666667,0.0470000000000001
"503",0.304666666666667,0.984333333333333,0.864666666666667,0.046
"504",0.212333333333333,0.0496666666666665,0.04,0.844333333333333
"505",0.698999999999999,0.00433333333333335,0.100666666666667,0.0273333333333334
"506",0.102666666666667,0.157666666666666,0.0573333333333333,0.0643333333333334
"507",0.952,0.915666666666667,0.867,0.998
"508",0.999666666666667,0.999666666666667,0.769000000000001,0.903333333333334
"509",0.0870000000000002,0.0130000000000001,0.00400000000000007,0.0736666666666666
"510",0.459,0.103333333333333,0.00600000000000008,0.0420000000000001
"511",0.0659999999999999,0.215666666666666,0.97,0.0586666666666662
"512",0.660333333333333,0.653666666666667,0.767333333333333,0.844333333333333
"513",0.939,0.782666666666666,0.917666666666667,0.981666666666667
"514",0.998666666666667,0.999666666666667,0.241333333333333,0.509333333333333
"515",0.121666666666667,0.0126666666666667,0.932,0.0729999999999998
"516",0.995666666666667,0.960333333333333,0.0813333333333334,0.99
"517",0.983,0.0323333333333333,0.971,0.994666666666667
"518",0.106333333333333,0.915,0.97,0.978666666666667
"519",0.978333333333333,0.24,0.427,0.463333333333334
"520",0.950333333333333,0.00600000000000005,0.901666666666666,0.964666666666667
"521",0.092666666666667,0.699333333333333,0.975333333333333,0.0303333333333333
"522",0.995666666666667,0.979,0.962,0.852666666666667
"523",0.217333333333334,0.998333333333333,0.859333333333333,0.922333333333334
"524",0.285333333333333,0.577,0.971333333333333,0.972
"525",0.581999999999999,0.276333333333333,0.858,0.938666666666667
"526",0.997666666666667,0.978333333333333,0.969333333333333,0.998666666666667
"527",0.0243333333333333,0.174333333333333,0.169333333333333,0.0699999999999999
"528",0.842,0.0216666666666667,0.973,0.962
"529",0.506,0.0573333333333331,0.0180000000000001,0.0439999999999999
"530",0.960666666666667,0.610333333333333,0.861666666666667,0.00500000000000002
"531",0.447666666666668,0.105,0.970333333333333,0.753666666666666
"532",0.00900000000000005,0.931666666666667,0.629,0.782
"533",0.372333333333333,0.871666666666667,0.933,0.027
"534",0.226,0.0123333333333334,0.00600000000000003,0.0703333333333335
"535",0.997333333333333,0.00266666666666666,0.869666666666667,0.998333333333333
"536",0.178333333333333,0.199,0.865333333333333,0.0593333333333335
"537",0.223333333333333,0.141,0.00833333333333335,0.0593333333333334
"538",0.0426666666666666,0.807333333333333,0.414666666666667,0.0273333333333334
"539",0.999,0.727,0.648999999999999,0.846666666666666
"540",0.327666666666667,0.235333333333333,0.0286666666666666,0.0416666666666666
"541",0.242666666666666,0.0123333333333334,0.00466666666666669,0.0613333333333333
"542",0.01,0.535,0.975666666666667,0.828
"543",0.0406666666666667,0.853,0.0113333333333333,0.756
"544",0.999666666666667,1,0.974,0.999666666666667
"545",0.761666666666667,0.00833333333333335,0.922666666666667,0.966333333333333
"546",0.760666666666667,0.834,0.922,0.976
"547",0.00133333333333334,0.923333333333333,0.976333333333333,0.975
"548",0.570333333333333,0.973,0.713666666666666,0.992
"549",0.29,0.115333333333333,0.251666666666667,0.0533333333333333
"550",0.735,0.00166666666666667,0.974,0.980666666666667
"551",0.0153333333333333,0.102,0.00266666666666664,0.928333333333333
"552",0.947,0.996666666666667,0.862666666666667,0.987666666666667
"553",1,0.848333333333333,0.928333333333333,0.999333333333333
"554",0.03,0.00933333333333336,0.226333333333334,0.0856666666666668
"555",0.709,0.0509999999999999,0.0423333333333332,0.0226666666666667
"556",0.0699999999999998,0.98,0.0773333333333332,0.166666666666666
"557",0.402,0.0193333333333333,0.865,0.0533333333333334
"558",0.998666666666667,0.999333333333333,0.715333333333333,0.999333333333333
"559",1,0.998333333333333,0.0153333333333333,0.999666666666667
"560",1,1,0.967666666666667,0.999666666666667
"561",0.757333333333334,0.0283333333333333,0.871,0.954333333333334
"562",0.300666666666667,0.641333333333334,0.773666666666666,0.760666666666667
"563",0.897666666666667,0.00666666666666662,0.975666666666666,0.99
"564",0.599666666666667,0.503,0.713666666666666,0.958
"565",0.139666666666667,0.0509999999999999,0.968,0.933
"566",1,0.999666666666667,0.967666666666667,0.999666666666667
"567",0.344333333333333,0.180666666666667,0.0313333333333333,0.0473333333333333
"568",0.0133333333333333,0.918333333333333,0.972,0.975666666666666
"569",0.998666666666667,0.570666666666667,0.971333333333333,0.998666666666667
"570",0.0550000000000001,0.0336666666666667,0.0156666666666666,0.94
"571",0.176333333333333,0.203333333333333,0.0280000000000001,0.0523333333333333
"572",0.991,0.887333333333333,0.969333333333333,1
"573",0.716666666666667,0.0423333333333332,0.0116666666666666,0.955
"574",0.283333333333333,0.945666666666667,0.970333333333333,0.989666666666667
"575",0.997666666666667,0.999,0.171,0.993
"576",0.168333333333333,0.0203333333333333,0.874333333333333,0.0656666666666666
"577",0.140333333333334,0.00266666666666668,0.765333333333333,0.880333333333334
"578",0.497666666666666,0.014,0.078,0.726333333333334
"579",1,0.994666666666667,0.97,0.994333333333333
"580",0.158,0.250666666666667,0.862666666666667,0.0550000000000001
"581",0.000333333333333341,0.386,0.012,0.955333333333333
"582",0.024,0.224666666666667,0.00866666666666671,0.057
"583",0.00766666666666664,0.0546666666666666,0.011,0.921333333333333
"584",0.996,0.998666666666667,0.927666666666666,0.999333333333333
"585",0.974333333333333,0.941333333333333,0.924,0.995666666666667
"586",0.952666666666667,0.992333333333333,0.972666666666667,0.999666666666667
"587",0.818,0.00333333333333331,0.860666666666666,0.025
"588",0.0120000000000001,0.004,0.0486666666666663,0.934
"589",0.0323333333333332,0.0476666666666667,0.634333333333333,0.924
"590",0.458333333333333,0.0316666666666667,0.926,0.753666666666666
"591",0.573,0.0696666666666668,0.858,0.114333333333333
"592",0.0180000000000001,0.109333333333334,0.896333333333333,0.908333333333333
"593",0.962,1,0.00233333333333334,0.991666666666667
"594",0.0539999999999999,0.946666666666667,0.779666666666666,0.98
"595",0.404333333333333,0.995333333333333,0.765333333333333,0.979666666666667
"596",1,0.673666666666667,0.325666666666667,0.996333333333333
"597",0.990666666666667,0.949666666666667,0.969333333333333,0.733
"598",0.994,0.0386666666666666,0.974333333333333,0.998333333333333
"599",0.354333333333333,0.681333333333333,0.739333333333333,0.972666666666667
"600",0.0713333333333333,0.0126666666666667,0.416333333333333,0.0803333333333334
"601",0.768333333333333,0.104333333333334,0.426666666666667,0.966666666666667
"602",0.00666666666666664,0.964666666666667,0.971,0.0409999999999999
"603",0.0156666666666667,0.964,0.0513333333333334,0.980333333333333
"604",0.196666666666667,0.115,0.970333333333333,0.931666666666667
"605",0.978333333333333,0.015,0.108666666666667,0.995666666666667
"606",0.989333333333333,0.973666666666667,0.735666666666666,0.002
"607",0.371333333333334,0.143666666666667,0.859666666666667,0.0476666666666666
"608",1,0.497,0.859666666666667,0.996333333333333
"609",0.919666666666666,0.161666666666667,0.107666666666667,0.969
"610",0.250666666666666,0.00333333333333331,0.423,0.940333333333333
"611",0.215,0.846,0.872,0.0196666666666666
"612",0.930333333333333,0.00066666666666666,0.972333333333333,0.954666666666667
"613",0.780333333333333,0.101,0.977,0.967333333333333
"614",0.123,0.791666666666667,0.0103333333333333,0.0230000000000001
"615",1,0.998333333333333,0.719333333333333,0.999666666666667
"616",0.18,0.822666666666667,0.928,0.266
"617",1,0.998666666666667,0.437333333333333,0.982333333333334
"618",0.906333333333334,0.0183333333333333,0.426333333333333,0.989333333333333
"619",0.995,0.961,0.899333333333333,0.856
"620",0.876,0.974666666666667,0.965,0.992666666666667
"621",0.938,0.997666666666667,0.0703333333333329,0.265
"622",0.372,0.00633333333333328,0.102,0.054
"623",0.996666666666667,0.998333333333333,0.962666666666667,0.995
"624",0.00366666666666663,0.00633333333333336,0.015,0.935666666666667
"625",0.742666666666666,0.00166666666666667,0.970666666666667,0.948333333333333
"626",0.495666666666668,0.0386666666666667,0.0120000000000001,0.937333333333333
"627",0.990333333333333,0.978,0.974666666666667,0.211
"628",1,1,0.721333333333333,0.999666666666667
"629",0.997,0.982,0.722333333333333,0.993
"630",0.0333333333333334,0.0126666666666667,0.00500000000000007,0.0773333333333333
"631",0.053,0.0083333333333333,0.722333333333333,0.909333333333333
"632",0.173333333333333,0.126,0.012,0.0616666666666667
"633",0.176666666666667,0.606666666666667,0.721,0.827333333333334
"634",0.0226666666666669,0.811,0.0293333333333333,0.0523333333333333
"635",0.999666666666667,0.994666666666667,0.857333333333334,0.999
"636",0.0893333333333332,0.758333333333334,0.066,0.0263333333333332
"637",0.860333333333333,0.100666666666667,0.00933333333333333,0.0143333333333333
"638",0.00699999999999998,0.997333333333333,0.864333333333333,0.988
"639",0.179333333333333,0.898333333333333,0.97,0.978333333333333
"640",0.0706666666666666,0.0130000000000001,0.0130000000000001,0.0689999999999999
"641",0.966,0.974333333333333,0.00333333333333333,0.998666666666667
"642",0.986333333333333,0.825,0.969666666666667,0.994333333333333
"643",0.907666666666666,0.00366666666666664,0.125666666666666,0.014
"644",0.816666666666667,0.889333333333334,0.97,0.973
"645",0.039,0.788666666666667,0.899,0.0243333333333333
"646",0.956333333333333,1,0.727,0.995333333333333
"647",0.998333333333333,0.998333333333333,0.965666666666667,0.998333333333333
"648",0.473666666666667,0.812,0.112666666666667,0.0123333333333334
"649",0.164666666666667,0.105333333333333,0.0486666666666666,0.857666666666667
"650",0.11,0.512333333333334,0.0169999999999999,0.853333333333334
"651",0.999666666666667,0.999333333333333,0.590333333333333,1
"652",0.247,0.012,0.0133333333333333,0.06
"653",0.993333333333333,0.983,0.867333333333334,0.994666666666667
"654",0.67,0.985333333333333,0.873666666666667,0.991666666666667
"655",0.324333333333333,0.937,0.238,0.894333333333333
"656",0.949333333333333,0.0313333333333333,0.628666666666666,0.0103333333333333
"657",0.056,0.983,0.407000000000001,0.0436666666666666
"658",0.0983333333333332,0.961333333333333,0.433666666666666,0.990666666666667
"659",1,0.999666666666667,0.964,0.999666666666667
"660",0.968,0.00066666666666666,0.00300000000000003,0.108999999999999
"661",0.998666666666667,0.819666666666667,0.586666666666667,0.975666666666666
"662",0.0546666666666667,0.0813333333333334,0.000333333333333334,0.894333333333333
"663",0.0793333333333336,0.682,0.927666666666667,0.906
"664",0.014,0.970666666666667,0.963666666666667,0.873333333333334
"665",0.0863333333333334,0.209,0.102666666666667,0.0600000000000001
"666",0.945666666666667,0.994333333333333,0.896666666666666,0.752333333333334
"667",0.545,0.123666666666667,0.238,0.0296666666666667
"668",1,0.998666666666667,0.941333333333333,0.999666666666667
"669",0.943666666666666,0.0376666666666668,0.765333333333333,0.00766666666666663
"670",0.149333333333333,0.135666666666667,0.631666666666667,0.930333333333333
"671",0.00366666666666664,0.00333333333333332,0.173,0.930666666666667
"672",0.142333333333333,0.015,0.788,0.0696666666666667
"673",0.883666666666667,0.0349999999999999,0.778666666666667,0.140666666666667
"674",0.234333333333333,0.984,0.015,0.0296666666666667
"675",0.72,0.0583333333333332,0.968,0.0249999999999999
"676",0.997666666666667,0.998333333333333,0.653666666666667,0.927
"677",1,1,0.593666666666667,1
"678",1,0.997333333333333,0.782333333333333,1
"679",0.0290000000000001,0.993666666666667,0.867666666666667,0.971666666666667
"680",0.326666666666667,0.00799999999999999,0.711333333333333,0.0533333333333332
"681",1,1,0.865666666666667,0.999666666666667
"682",1,0.999333333333333,0.931333333333333,0.999666666666667
"683",0.602,0.002,0.428333333333333,0.956666666666666
"684",1,0.959333333333333,0.926,0.999333333333333
"685",0.998333333333333,0.201333333333334,0.964666666666667,0.997
"686",0.987,0.981333333333333,0.966,0.995666666666667
"687",0.95,0.0476666666666669,0.927,0.988666666666667
"688",0.0393333333333332,0.214,0.0163333333333331,0.063
"689",0.989,0,0.850333333333334,0.997666666666667
"690",0.225666666666667,0.0716666666666667,0.0146666666666666,0.0663333333333336
"691",0.939666666666666,0.776666666666666,0.859666666666667,0.981333333333333
"692",0.962666666666667,0.0106666666666666,0.971333333333333,0.997666666666667
"693",0.115333333333333,0.621333333333334,0.0126666666666666,0.843666666666666
"694",0.102,0.00366666666666664,0.0113333333333334,0.899666666666667
"695",1,0.997666666666667,0.781666666666667,1
"696",0.00133333333333333,0.965333333333333,0.929666666666667,0.988333333333333
"697",0.999333333333333,0.705,0.583666666666667,0.999
"698",0.038,0.3,0.0493333333333334,0.162333333333333
"699",0.999,0.996333333333333,0.415333333333334,0.986666666666667
"700",0.988333333333333,0.998333333333333,0.287666666666667,0.995666666666667
"701",0.658666666666667,0.958,0.931333333333334,0.983
"702",0.0606666666666666,0.00633333333333331,0.892,0.936666666666667
"703",0.0176666666666667,0.0393333333333332,0.335666666666666,0.934333333333333
"704",0.169666666666667,0.0546666666666668,0.493666666666667,0.937666666666667
"705",0.0826666666666668,0.003,0.0406666666666667,0.908
"706",0.191,0.218333333333333,0.870666666666667,0.114333333333333
"707",0.981,0.962666666666667,0.720333333333334,0.0483333333333334
"708",0.00533333333333332,0.979666666666667,0.0296666666666667,0.0356666666666666
"709",0.992,0.997666666666667,0.636,0.984666666666667
"710",0.092,0.164666666666667,0.0136666666666668,0.0613333333333333
"711",0.997666666666667,0.993666666666667,0.290333333333334,0.999
"712",0.372666666666666,0.00266666666666668,0.588333333333334,0.787333333333333
"713",0.117,0.784333333333333,0.0233333333333333,0.047
"714",0.106666666666667,0.207333333333333,0.627666666666667,0.0623333333333335
"715",0.137,0.470666666666667,0.221666666666666,0.783
"716",0.525,0.918333333333334,0.863666666666666,0.0226666666666666
"717",0.277,0.0420000000000002,0.588333333333334,0.943
"718",0.0273333333333333,0.991,0.104,0.962333333333333
"719",0.999333333333333,0.998666666666667,0.974,0.036
"720",0.00933333333333336,0.969,0.425666666666666,0.988666666666667
"721",0.142333333333333,0.00466666666666667,0.966333333333333,0.935666666666667
"722",0.00900000000000003,0.107333333333334,0.867,0.927
"723",0.999,0.974333333333333,0.492333333333333,0.999666666666667
"724",0.0103333333333332,0.994,0.731666666666667,0.970333333333333
"725",0.187666666666667,0.318333333333333,0.433333333333333,0.878666666666666
"726",0.902333333333333,0.912333333333333,0.861666666666667,0.996333333333333
"727",0.785666666666667,0.968666666666667,0.969333333333333,0.992333333333334
"728",0.0429999999999999,0.557,0.00299999999999998,0.812
"729",0.986666666666667,0.987333333333333,0.00700000000000003,0.993333333333333
"730",0.922666666666667,1,0.431666666666668,0.886
"731",0.965666666666667,0.000666666666666667,0.0959999999999999,0.997333333333333
"732",0.282,0.927333333333333,0.714666666666667,0.988
"733",0.609666666666667,0.113,0.434,0.937666666666667
"734",0.307333333333333,0.00900000000000003,0.768666666666666,0.0606666666666666
"735",0.198666666666667,0.014,0.858,0.0616666666666667
"736",0.876666666666667,0.00500000000000005,0.405333333333333,0.0123333333333334
"737",0.189,0.045,0.928,0.933333333333333
"738",0.106666666666667,0.217333333333333,0.631333333333333,0.0699999999999998
"739",0.234,0.234666666666667,0.0446666666666665,0.129333333333333
"740",0.381666666666666,0.006,0.0436666666666666,0.946333333333333
"741",0.998333333333333,0.136333333333334,0.967333333333333,0.956
"742",0.457333333333334,0.330333333333333,0.715,0.886
"743",1,0.999666666666667,0.859333333333333,0.999333333333333
"744",0.675,0.0163333333333333,0.782333333333333,0.975333333333333
"745",0.0286666666666666,0.0130000000000001,0.00166666666666664,0.0806666666666667
"746",1,0.985333333333333,0.00433333333333335,0.931333333333334
"747",0.00966666666666667,0.00266666666666669,0.850333333333333,0.930666666666667
"748",0.257666666666667,0.00566666666666666,0.971333333333333,0.831333333333333
"749",0.242,0.993666666666667,0.971333333333333,0.993
"750",0.226333333333334,0.0316666666666668,0.0120000000000001,0.941333333333333
"751",0.0126666666666667,0.0853333333333333,0.864,0.925333333333333
"752",0.685,0.953666666666666,0.0033333333333333,0.0106666666666667
"753",0.245333333333333,0.962333333333333,0.00533333333333334,0.991666666666667
"754",1,0.998,0.898333333333333,0.999333333333333
"755",0.628333333333333,0.994666666666667,0.72,0.0880000000000002
"756",0.999666666666667,0.997666666666667,0.973333333333333,0.999333333333333
"757",0.109333333333333,0.802333333333333,0.00500000000000002,0.0223333333333334
"758",0.022,0.853333333333333,0.0100000000000001,0.182
"759",0.964333333333333,0.0889999999999999,0.925333333333333,0.995666666666667
"760",0.105333333333333,0.00933333333333337,0.78,0.0736666666666666
"761",0.163666666666667,0.252333333333334,0.427666666666666,0.0603333333333334
"762",0.047,0.144333333333333,0.0136666666666667,0.912
"763",0.412333333333333,0.136,0.0476666666666667,0.0393333333333332
"764",0.0200000000000001,0.0569999999999999,0.866,0.923333333333333
"765",0.484666666666667,0.00266666666666667,0.863,0.949
"766",0.819,0.00966666666666669,0.966333333333333,0.957333333333333
"767",0.0933333333333332,0.761,0.861666666666667,0.0290000000000001
"768",0.309,0.00933333333333335,0.922,0.0543333333333333
"769",0.151,0.203,0.0466666666666665,0.0539999999999999
"770",0.394333333333333,0.996,0.346999999999999,0.942333333333333
"771",0.999666666666667,1,0.714333333333333,1
"772",0.683,0.00500000000000006,0.244,0.0286666666666666
"773",0.953666666666667,0.346333333333333,0.124666666666667,0.0273333333333334
"774",0.00433333333333335,0.00833333333333325,0.869666666666667,0.939
"775",1,0.998333333333333,0.978,0.999666666666667
"776",0.78,0.00333333333333333,0.343,0.952
"777",0.149333333333333,0.129,0.0260000000000001,0.871333333333334
"778",0.428666666666667,0.00833333333333335,0.968333333333333,0.0509999999999999
"779",0.995333333333333,0.996,0.00466666666666668,0.0436666666666666
"780",0.942666666666667,0.990666666666667,0.973333333333333,0.989666666666667
"781",0.943666666666666,0.0113333333333335,0.975333333333333,0.990666666666667
"782",0.993,0.978,0.427666666666666,0.00366666666666664
"783",0.608999999999999,0.984333333333333,0.767333333333333,0.981
"784",0.796333333333334,0.0596666666666666,0.784666666666667,0.955666666666667
"785",0.895666666666666,0.00533333333333334,0.0763333333333335,0.963333333333333
"786",0.0520000000000003,0.938,0.230666666666666,0.851666666666667
"787",1,1,0.97,1
"788",0.0303333333333333,0.012,0.968,0.0766666666666668
"789",0.921666666666666,0.105666666666667,0.862666666666667,0.991666666666667
"790",0.970333333333334,0.97,0.00366666666666664,0.998
"791",0.995,0.233666666666667,0.720333333333334,0.995666666666667
"792",0.999,0.654,0.112,0.994
"793",0.97,0.981666666666667,0.928666666666667,0.910666666666667
"794",1,1,0.967666666666667,0.998666666666667
"795",0.0170000000000001,0.00566666666666666,0.00633333333333327,0.927666666666666
"796",0.972333333333333,0.995333333333333,0.923666666666667,0.998
"797",1,0.992666666666667,0.859666666666667,0.996666666666667
"798",0.00366666666666665,0.00900000000000004,0.0290000000000001,0.941
"799",1,0.997333333333333,0.706666666666666,0.999666666666667
"800",0.721666666666666,0.0873333333333332,0.712,0.028
"801",0.107666666666667,0.00200000000000006,0.966,0.887
"802",0.984333333333333,0.369333333333334,0.965,0.978666666666667
"803",0.982,0.00233333333333334,0.892333333333333,0.996666666666667
"804",1,1,0.968,0.0343333333333338
"805",0.0143333333333333,0.982333333333334,0.0173333333333334,0.363333333333333
"806",0.998333333333333,0.0126666666666667,0.728333333333333,0.997666666666667
"807",0.491666666666666,0.608333333333333,0.0450000000000001,0.975333333333333
"808",0.997,0.995333333333333,0.64,0.999333333333333
"809",0.0223333333333334,0.818,0.406000000000001,0.0263333333333332
"810",1,0.964666666666667,0.972333333333333,1
"811",1,0.950333333333333,0.892666666666666,1
"812",0.998666666666667,0.528,0.975666666666667,0.906333333333333
"813",0.325333333333334,0.157666666666666,0.0260000000000001,0.0513333333333332
"814",0.0096666666666667,0.980333333333333,0.0113333333333334,0.975
"815",0.0733333333333332,0.0123333333333334,0.870666666666667,0.0836666666666666
"816",0.988,0,0.974666666666667,0.998
"817",0.0273333333333335,0.706,0.00433333333333336,0.884333333333333
"818",0.982333333333333,0.235,0.102333333333333,0.954333333333334
"819",0.877666666666667,0.979333333333333,0.736,0.0786666666666665
"820",0.593999999999999,0.7,0.925,0.974666666666667
"821",0.978666666666667,0.995666666666667,0.967666666666667,0.878666666666666
"822",0.999,0.0883333333333336,0.896666666666667,0.997333333333333
"823",0.00833333333333335,0.0393333333333332,0.0139999999999999,0.920333333333333
"824",0.169333333333333,0.748666666666667,0.000666666666666659,0.159
"825",1,0.999666666666667,0.971,0.999666666666667
"826",1,0.994,0.717666666666667,0.909666666666667
"827",0.999666666666667,0.986333333333333,0.971,0.989333333333333
"828",0.0263333333333332,0.0403333333333337,0.780666666666667,0.923333333333333
"829",0.983,0.999333333333333,0.87,0.0166666666666667
"830",1,0.998333333333333,0.903,0.999666666666667
"831",0.399,0.268666666666666,0.0146666666666666,0.735
"832",1,0.988666666666667,0.900333333333334,0.999333333333333
"833",0.0756666666666666,0.123,0.724666666666666,0.897666666666667
"834",0.999666666666667,0.259666666666666,0.859,0.998666666666667
"835",0.589666666666667,0.484333333333334,0.877,0.973666666666667
"836",0.997333333333333,0.0213333333333333,0.872666666666667,0.997666666666667
"837",0.01,0.999333333333333,0.926333333333333,0.988666666666667
"838",0.692333333333334,0.895666666666666,0.177666666666666,0.00799999999999999
"839",0.580666666666667,0.077,0.585666666666666,0.0286666666666667
"840",0.982333333333334,0.967,0.963333333333333,0.00300000000000003
"841",0.459333333333333,0.192666666666667,0.925333333333333,0.959666666666667
"842",1,0.996,0.926666666666667,0.996333333333333
"843",0.467666666666667,0.989,0.775333333333333,0.107666666666667
"844",0.928,0.954333333333333,0.935,0.246
"845",0.179333333333334,0.0713333333333333,0.862333333333333,0.847333333333333
"846",0.153333333333333,0.681333333333333,0.923666666666667,0.826333333333334
"847",0.761666666666667,0.808,0.000666666666666681,0.0546666666666666
"848",1,0.998,0.923,0.999666666666667
"849",0.999666666666667,0.983666666666667,0.975,1
"850",0.102333333333333,0.001,0.031,0.896
"851",0.00799999999999999,0.004,0.973333333333333,0.936666666666666
"852",0.882666666666666,0.097,0.926666666666667,0.148
"853",0.994666666666667,0.507333333333334,0.014,0.00300000000000003
"854",0.964,0.478333333333333,0.931,0.639333333333334
"855",0.0340000000000001,0.00166666666666665,0.87,0.931333333333333
"856",0.0276666666666666,0.171666666666667,0.00266666666666663,0.0650000000000001
"857",0.0539999999999999,0.527666666666667,0.861,0.808
"858",0.04,0.799333333333333,0.118333333333333,0.0496666666666666
"859",0.0506666666666668,0.00466666666666667,0.965666666666667,0.915
"860",0.833,0.254333333333333,0.0183333333333332,0.0310000000000001
"861",0.75,0.995333333333333,0.0580000000000001,0.00300000000000002
"862",0.415000000000001,0.418000000000001,0.772333333333334,0.968
"863",0.949333333333333,0.00833333333333322,0.966333333333333,0.953666666666666
"864",0.164,0.00266666666666668,0.767666666666667,0.867333333333334
"865",0.405,0.719333333333333,0.970666666666667,0.0283333333333333
"866",0.339,0.0263333333333333,0.0093333333333334,0.0603333333333333
"867",0.253666666666666,0.323,0.642666666666666,0.794
"868",0.968,0.0946666666666666,0.973666666666667,0.996333333333333
"869",0.534,0.0313333333333332,0.862,0.939333333333333
"870",0.915,0.00066666666666666,0.728333333333333,0.965333333333333
"871",1,0.955333333333333,0.134666666666666,0.999666666666667
"872",0.471333333333333,0.00566666666666665,0.781666666666667,0.0443333333333333
"873",1,0.949666666666666,0.972333333333333,0.991333333333333
"874",0.00466666666666667,0.114,0.0436666666666666,0.926
"875",0.852,0.088333333333333,0.868333333333333,0.946333333333333
"876",0.106333333333333,0.016,0.0249999999999998,0.0733333333333334
"877",0.0653333333333334,0.914333333333333,0.722666666666667,0.962
"878",0.999666666666667,0.978,0.888666666666667,0.997666666666667
"879",0.230666666666666,0.180333333333333,0.104,0.0636666666666668
"880",0.0613333333333331,0.0526666666666664,0.0556666666666664,0.899666666666667
"881",0.982666666666667,0.927333333333333,0.971333333333333,0.927
"882",0.0360000000000001,0.701333333333333,0.728666666666667,0.03
"883",0.975333333333333,0.164333333333333,0.971666666666667,0.945333333333333
"884",0.0466666666666666,0.832666666666666,0.427666666666666,0.172333333333333
"885",0.396333333333333,0.0593333333333335,0.0153333333333333,0.756666666666666
"886",0.119666666666667,0.0793333333333333,0.888333333333333,0.0669999999999999
"887",0.0906666666666666,0.430666666666666,0.971666666666667,0.810666666666666
"888",0.383333333333334,0.148333333333333,0.00466666666666666,0.0456666666666667
"889",0.0200000000000003,0.997,0.9,0.985
"890",0.0113333333333333,0.531333333333334,0.014,0.839666666666667
"891",1,0.997333333333333,0.922,0.999666666666667
"892",0.0179999999999999,0.951666666666667,0.969666666666667,0.985
"893",0.498666666666667,0.467333333333334,0.971,0.621333333333334
"894",0.0436666666666666,0.175666666666667,0.00100000000000003,0.0659999999999998
"895",1,0.984666666666667,0.973666666666667,0.913
"896",0.00166666666666666,0.993666666666667,0.858333333333333,0.978333333333333
"897",0.727333333333333,0.113999999999999,0.497,0.0273333333333333
"898",0.276666666666666,0.988333333333333,0.0266666666666665,0.0383333333333332
"899",0.999333333333333,0.999666666666667,0.783333333333333,1
"900",0.000333333333333344,0.967,0.875333333333333,0.99
"901",0.397666666666667,0.677333333333333,0.893666666666667,0.902666666666667
"902",0.999666666666667,1,0.627,0.993333333333333
"903",0.999,0.981333333333333,0.970333333333333,0.995666666666667
"904",0.0849999999999997,0.211333333333333,0.0303333333333334,0.064666666666666
"905",0.985333333333333,0.989333333333333,0.971333333333333,0.988333333333333
"906",0.993,0.998666666666667,0.864666666666667,0.994666666666667
"907",0.574666666666667,0.964333333333333,0.969666666666666,0.449333333333333
"908",1,1,0.965666666666667,1
"909",0.127,0.197666666666667,0.235333333333333,0.064
"910",0.362,0.0353333333333333,0.629,0.790666666666667
"911",0.335,0.532333333333333,0.968666666666667,0.967
"912",1,0.834333333333333,0.971666666666667,0.996
"913",0.992666666666667,0.833666666666667,0.459999999999999,0.925333333333333
"914",0.957,0.677333333333333,0.968333333333333,0.977
"915",0.0100000000000001,0.982,0.0976666666666665,0.188333333333334
"916",0.994666666666667,0.793666666666667,0.769666666666667,0.998666666666667
"917",0.135666666666667,0.00966666666666666,0.889333333333334,0.937333333333333
"918",0.092666666666667,0.961666666666667,0.103666666666667,0.827333333333334
"919",0.993,0.988666666666667,0.0456666666666667,0.999666666666667
"920",0.025,0.106333333333334,0.0109999999999999,0.0933333333333331
"921",0.18,0.0420000000000002,0.00666666666666666,0.859333333333333
"922",0.0156666666666668,0.00533333333333332,0.00433333333333335,0.927666666666666
"923",0.0233333333333333,0.0539999999999999,0.923,0.915666666666667
"924",0.941666666666667,0.00433333333333335,0.970333333333333,0.961666666666667
"925",0.115666666666667,0.135,0.0836666666666666,0.0656666666666665
"926",0.901,0.994,0.585333333333333,0.999333333333333
"927",0.997,0.87,0.971333333333333,0.937
"928",0.014,0.969,0.927,0.988333333333333
"929",0.997333333333333,0.998,0.776,0.999666666666667
"930",0.00700000000000001,0.929666666666667,0.714333333333333,0.969666666666667
"931",0.189,0.0473333333333333,0.00300000000000001,0.853333333333333
"932",0.999333333333333,0.999,0.0393333333333332,0.998666666666667
"933",0.0263333333333332,0.988,0.00133333333333331,0.351666666666667
"934",0.95,0.993333333333333,0.332333333333334,0.766000000000001
"935",0.0886666666666667,0.212,0.0143333333333333,0.0580000000000001
"936",0.739333333333333,0.07,0.924666666666667,0.944
"937",1,0.998333333333333,0.0379999999999998,0.999666666666667
"938",1,0.999,0.968,0.999333333333333
"939",1,0.987333333333333,0.971333333333333,0.999666666666667
"940",0.998666666666667,1,0.972,0.999666666666667
"941",0.937333333333333,0.0963333333333332,0.340666666666667,0.00900000000000004
"942",1,1,0.726333333333334,0.999
"943",0.369666666666666,0.761666666666667,0.171,0.9
"944",0.970333333333333,0.0130000000000001,0.728333333333334,0.00733333333333328
"945",0.181333333333333,0.00633333333333331,0.873,0.946333333333333
"946",0.247,0.00166666666666665,0.0333333333333334,0.839333333333333
"947",0.077,0.00233333333333335,0.632,0.907333333333333
"948",0.999666666666667,0.997666666666667,0.971666666666666,0.999
"949",0.952,0.0349999999999999,0.635666666666667,0.991333333333333
"950",0.0750000000000003,0.0130000000000001,0.972666666666667,0.0766666666666668
"951",0.489333333333333,0.146,0.164,0.044
"952",0.0840000000000004,0.23,0.588,0.0646666666666664
"953",0.800666666666667,0.0223333333333333,0.862333333333333,0.986
"954",0.903666666666667,0.690666666666667,0.773,0.854666666666667
"955",0.982,0.667,0.596666666666668,0.996
"956",0.0306666666666666,0.360666666666666,0.87,0.945
"957",0.967,0.894,0.969,0.999333333333333
"958",0.00633333333333328,0.537333333333334,0.421,0.836
"959",0.512666666666666,0.0466666666666666,0.971333333333333,0.733000000000001
"960",0.0566666666666667,0.00433333333333336,0.580333333333333,0.918666666666667
"961",0.804666666666667,0.938333333333333,0.168333333333333,0.782000000000001
"962",0.284,0.0520000000000002,0.872,0.807666666666667
"963",0.969333333333333,0.0276666666666666,0.0616666666666664,0.997
"964",0.266666666666666,0.00633333333333337,0.970333333333333,0.944666666666667
"965",1,0.999333333333333,0.966,0.991666666666667
"966",0.0593333333333336,0.957,0.416333333333333,0.978
"967",0.111,0.00500000000000009,0.0126666666666667,0.891333333333334
"968",0.0193333333333333,0.707666666666667,0.966,0.882333333333333
"969",0.181333333333333,0.061,0.499666666666665,0.93
"970",0.000666666666666662,0.987333333333333,0.924666666666667,0.974666666666667
"971",0.952666666666667,0.980666666666667,0.037,0.755666666666666
"972",0.367333333333333,0.920333333333333,0.970333333333334,0.981333333333333
"973",0.413666666666667,0.593999999999999,0.864333333333333,0.982333333333334
"974",0.959,0.515,0.970666666666667,0.998666666666667
"975",0.0856666666666666,0.602,0.0440000000000001,0.939333333333333
"976",0.447666666666667,0.781333333333334,0.715666666666666,0.652333333333333
"977",0.00100000000000003,0.928,0.864666666666667,0.972333333333333
"978",0.791666666666667,0.00166666666666665,0.964333333333333,0.948666666666667
"979",0.839,0.979,0.930666666666667,0.928666666666667
"980",0.0460000000000002,0.165333333333334,0.107,0.079
"981",0.0550000000000002,0.0446666666666666,0.969333333333333,0.937666666666667
"982",1,0.678666666666667,0.00666666666666666,0.994333333333333
"983",1,0.000666666666666679,0.972333333333333,0.998666666666667
"984",0.0123333333333334,0.693666666666667,0.239666666666666,0.886333333333334
"985",0.316666666666667,0.150666666666667,0.891666666666667,0.0706666666666667
"986",0.865666666666667,0.066,0.967666666666667,0.0140000000000001
"987",0.282,0.0546666666666667,0.102666666666667,0.813
"988",0.999666666666667,0.884666666666667,0.922666666666667,0.999333333333333
"989",0.214333333333333,0.183333333333333,0.0846666666666664,0.0586666666666666
"990",0.987,0.000666666666666674,0.738,0.961333333333333
