"","Theta","referent_units","partitioning_iterating","appropriateness","multiplicative_comparison"
"724526",-0.17279880652884,0.381777777777774,0.0828333333333333,0.488277777777779,0.71872222222222
"617078",-0.0766621025217946,0.223833333333334,0.509944444444445,0.687444444444445,0.696388888888888
"292110",-0.172936970312492,0.0108333333333327,0.115777777777777,0.796111111111112,0.759555555555556
"553106",-0.816237293761408,0.0954444444444438,0.00372222222222198,0.527333333333335,0.0217777777777775
"607015",1.02242354039891,0.995833333333333,0.9985,0.995888888888889,0.998277777777778
"845259",-0.103752711460197,0.030222222222222,0.00266666666666667,0.941555555555555,0.797444444444444
"100955",-1.20745123469755,0.00655555555555549,0.00205555555555551,0.0249444444444447,0.00538888888888885
"161584",1.03262324265481,1,0.983944444444445,0.997055555555555,0.999555555555556
"174131",-0.553057170845576,0.0831111111111112,0.991944444444445,0.474555555555557,0.0761111111111115
"390016",0.570802841069431,0.994166666666667,0.00127777777777778,0.951777777777778,0.997277777777778
"285940",-0.709435138207423,0.366388888888887,0.00161111111111114,0.527055555555557,0.0154444444444445
"801006",0.735591698011147,0.998444444444444,0.420833333333333,0.991888888888889,0.9645
"308588",0.998363438576871,0.979833333333333,0.998944444444444,0.988555555555556,0.995277777777778
"850648",-1.21331150854684,0.0422777777777779,0.00272222222222219,0.00238888888888885,0.00649999999999987
"842958",-1.21271173869034,0.00250000000000004,0.030888888888889,0.000888888888888858,0.0063333333333333
"906079",-0.863965419151382,0.00200000000000012,0.923055555555556,0.0497222222222224,0.0302777777777781
"077015",0.981200673981568,0.929277777777778,0.999333333333333,0.996666666666667,0.998166666666667
"358534",-1.1095777849998,0.014777777777778,0.0306666666666666,0.153944444444444,0.00905555555555568
"101745",0.495993622014148,0.404055555555555,0.953222222222222,0.982722222222223,0.904999999999999
"872949",0.96043699332673,0.983944444444444,0.923722222222222,0.994277777777777,0.982055555555556
"898952",0.993652771213117,0.995222222222222,0.999111111111111,0.978777777777778,0.998333333333333
"947453",-0.630185323366457,0.0236666666666667,0.0046111111111111,0.834666666666669,0.0313333333333334
"399427",0.995415305040936,0.994,0.9985,0.952388888888889,0.993944444444444
"888595",-1.20956675740991,0.00505555555555551,0.0300555555555555,0.000277777777777766,0.0072777777777777
"288787",-1.22907597909324,0.00283333333333338,0.0026666666666667,0.000944444444444467,0.00633333333333332
"367447",-0.867176349989741,0.189055555555556,0.431388888888888,0.201388888888891,0.00999999999999983
"517534",0.427783882672078,0.440388888888888,0.536666666666667,0.975777777777777,0.929277777777777
"306309",-0.892644776737248,0.0712222222222224,0.488277777777777,0.247944444444445,0.00938888888888878
"221042",0.51918911500822,0.999666666666667,0.000333333333333341,0.889944444444444,0.997888888888889
"801662",0.599940160489037,0.985777777777778,0.000277777777777765,0.992722222222222,0.997666666666667
"036470",-1.14709701996828,0.120722222222222,0.0549444444444443,0.00155555555555551,0.00577777777777775
"960072",0.112554967093214,0.286277777777778,0.00449999999999995,0.961333333333332,0.864111111111109
"258908",1.0089224352298,0.999611111111111,0.999888888888889,0.977611111111111,0.997888888888889
"474486",0.991148836735978,0.987166666666667,0.988722222222222,0.995666666666667,0.977388888888889
"550082",-1.19872361513973,0.0025555555555556,0.00238888888888892,0.0539444444444445,0.00683333333333336
"312511",-0.309558601218345,0.0135555555555556,0.970444444444443,0.107944444444445,0.795166666666668
"595730",0.542714392486309,0.929222222222222,0.000277777777777754,0.988777777777778,0.967166666666666
"771260",-0.0629574395605169,0.550555555555554,0.00166666666666673,0.516666666666664,0.783833333333333
"822095",0.736368800026554,0.999833333333333,0.350833333333336,0.963611111111112,0.999333333333333
"170908",1.00372471439924,0.996666666666667,0.999055555555556,0.978833333333333,0.999
"252814",-0.281013729202009,0.189666666666667,0.973388888888889,0.00522222222222223,0.811277777777779
"215263",0.894285300530172,0.998222222222222,0.941555555555555,0.932611111111111,0.935277777777778
"432310",-0.183359954145277,0.599833333333332,0.979611111111111,0.875444444444444,0.00927777777777778
"864107",0.987015853256621,1,0.953222222222222,0.995777777777778,0.998055555555555
"229991",0.794991199524798,0.721333333333337,0.998944444444444,0.980944444444445,0.995888888888889
"127666",0.972538695183716,0.980944444444444,0.977944444444445,0.980055555555556,0.991944444444445
"196972",-0.751305690415279,0.00505555555555559,0.00655555555555547,0.157666666666666,0.507277777777779
"486189",1.01579102564854,0.994444444444445,0.987055555555556,0.995833333333333,0.995111111111111
"347425",1.00837751309877,0.9995,0.996055555555556,0.981333333333334,0.999555555555556
"735415",-1.22691798389799,0.00255555555555556,0.00216666666666668,0.000277777777777741,0.00688888888888892
"494056",-0.109173984080932,0.393166666666666,0.00405555555555555,0.755777777777776,0.658111111111111
"825489",-0.956840897632248,0.160500000000001,0.0326666666666663,0.289111111111111,0.0109444444444446
"405844",-0.704361126178643,0.323777777777778,0.948944444444445,0.0903333333333331,0.00316666666666651
"303219",-0.79573325007834,0.123833333333334,0.0461111111111112,0.530166666666667,0.0237777777777779
"961425",-0.838636271849988,0.0492777777777775,0.00222222222222219,0.00716666666666672,0.453111111111111
"094901",-0.482399630971219,0.0424999999999997,0.950444444444445,0.62433333333333,0.0935000000000003
"326374",0.601977803435224,0.801833333333332,0.874222222222223,0.798833333333332,0.884166666666666
"229376",1.02364254165935,0.999777777777778,0.988055555555555,0.991222222222222,0.999944444444444
"153261",0.0685661858297835,0.579333333333334,0.983055555555556,0.955000000000001,0.254500000000001
"570751",-0.83093401268673,0.024555555555556,0.0939999999999996,0.519277777777778,0.0188888888888889
"316224",0.0939708517629544,0.444944444444444,0.0104444444444444,0.814722222222223,0.833777777777777
"359550",-1.21242014795354,0.0136666666666666,0.00238888888888885,0.00200000000000002,0.00738888888888901
"780014",-0.401193236211307,0.510277777777779,0.00350000000000003,0.115555555555556,0.682277777777776
"634134",-0.813950226440557,0.195444444444444,0.840611111111111,0.0568333333333339,0.00255555555555559
"392725",0.0114955880618042,0.841333333333333,0.00983333333333346,0.264833333333332,0.909944444444443
"189354",0.298533646169073,0.80272222222222,0.0390555555555554,0.730666666666667,0.923777777777777
"954748",-0.531427170214742,0.00494444444444468,0.412722222222221,0.344833333333339,0.508166666666672
"949913",0.854453765667424,0.988888888888889,0.731444444444445,0.913333333333333,0.996944444444444
"499838",-1.11122693403097,0.18111111111111,0.00127777777777779,0.0341111111111106,0.00577777777777783
"674096",0.58090534587341,0.9755,0.0113333333333334,0.989944444444444,0.994222222222222
"096699",0.402375751755572,0.997611111111111,0.00861111111111121,0.697555555555553,0.952833333333333
"596803",-1.05535856857854,0.0338333333333331,0.475111111111111,0.00338888888888889,0.0040555555555556
"032129",-1.16515871736709,0.110833333333335,0.0278333333333331,0.00422222222222215,0.0102222222222224
"578216",-0.617787795053465,0.333777777777777,0.0297222222222221,0.601999999999999,0.0837222222222229
"922849",0.0361691851957669,0.0124444444444446,0.833611111111111,0.741777777777776,0.87738888888889
"570200",-0.324998541625382,0.0992222222222208,0.00138888888888884,0.61238888888889,0.669722222222223
"717808",-0.805378442921019,0.00794444444444474,0.401833333333333,0.00205555555555549,0.373277777777778
"370275",-0.186001485738881,0.134833333333334,0.0234999999999999,0.772388888888891,0.709388888888888
"801313",-1.15390981218047,0.0569999999999995,0.0587222222222221,0.00583333333333331,0.00616666666666655
"003128",0.981202238757877,0.999777777777778,0.991777777777778,0.948722222222222,0.999666666666667
"947334",0.409242014796421,0.913611111111113,0.0478888888888875,0.772055555555556,0.959277777777777
"758331",-0.636965994819276,0.0662777777777779,0.548222222222222,0.602277777777778,0.0152222222222221
"265887",-0.211791585311534,0.0550555555555562,0.0509999999999999,0.76077777777778,0.736555555555556
"857049",0.409764763036288,0.879166666666666,0.000444444444444457,0.848666666666666,0.934944444444445
"427361",0.955242161233761,0.923888888888889,0.983666666666667,0.994444444444444,0.991944444444445
"344202",1.01959566095019,1,0.998666666666667,0.990111111111111,0.999722222222222
"571520",-1.19294970061045,0.00266666666666684,0.0625555555555558,0.00455555555555563,0.00655555555555532
"965148",0.0499073750147481,0.908833333333333,0.920722222222222,0.199555555555556,0.609833333333334
"756269",-0.252303012856779,0.0175000000000004,0.0243333333333334,0.754222222222221,0.735055555555554
"176072",0.715558411483551,0.981722222222223,0.697611111111108,0.925222222222223,0.839833333333335
"783834",0.605569006484243,0.996666666666667,0.151888888888888,0.901500000000001,0.997833333333334
"258406",0.65648312558079,0.647111111111109,0.929944444444444,0.882500000000002,0.960055555555555
"270727",-1.12478218531647,0.0140555555555553,0.299388888888887,0.000444444444444434,0.00511111111111115
"580370",0.718363071704481,0.999944444444444,0.643944444444445,0.784777777777779,0.996111111111111
"095379",1.02449002400525,0.999888888888889,0.991777777777778,0.995777777777778,0.999888888888889
"854747",0.270127907343753,0.640277777777775,0.0098333333333336,0.880555555555556,0.888722222222222
"609267",0.460867976278736,0.827277777777777,0.000166666666666677,0.982111111111111,0.950277777777778
"790705",0.557066158886087,0.979,0.0028333333333334,0.950333333333334,0.991666666666666
"142401",-0.577525705083507,0.0863888888888892,0.582888888888889,0.637055555555553,0.0685555555555558
"449326",-1.17338658429367,0.0028333333333334,0.00250000000000004,0.0590555555555555,0.00827777777777773
"597654",-0.33341971196825,0.127722222222223,0.667055555555557,0.820277777777779,0.203277777777777
"782155",0.509510201165674,0.88161111111111,0.0863888888888885,0.932333333333334,0.969833333333333
"305000",-0.731198374625294,0.0555555555555546,0.387777777777778,0.0445000000000004,0.422388888888888
"410083",0.961894101428859,0.927388888888889,0.999944444444444,0.995666666666667,0.998555555555556
"079971",1.00093030812314,1,0.995388888888889,0.977222222222222,0.999777777777778
"947778",-1.14201206701602,0.0919444444444448,0.0596111111111112,0.0390555555555549,0.00683333333333332
"850616",-0.367843274523893,0.264888888888888,0.578055555555558,0.903444444444444,0.0337777777777772
"404672",0.523825977906242,0.996388888888889,0.00105555555555564,0.888666666666667,0.997388888888889
"417112",1.01174452342521,0.997944444444445,0.999944444444444,0.996388888888889,0.998944444444444
"915048",0.541390001911176,0.931388888888888,0.00655555555555555,0.991166666666667,0.971555555555556
"542098",-0.0220619403679898,0.00861111111111125,0.44811111111111,0.950388888888889,0.732166666666665
"665628",0.701046830372358,0.998722222222222,0.256333333333334,0.992833333333333,0.998388888888889
"591881",-0.0147643689971085,0.780388888888886,0.0927222222222227,0.292555555555555,0.833111111111113
"648827",-1.12942951218628,0.0876111111111116,0.0298888888888889,0.0666111111111109,0.00677777777777778
"989284",1.00355013048218,0.999944444444444,0.939388888888889,0.990666666666667,0.999722222222222
"120734",-0.578778751462524,0.104055555555556,0.625666666666666,0.619666666666668,0.0703333333333335
"108857",-0.508186547665634,0.919999999999999,0.732611111111111,0.00788888888888878,0.0246666666666665
"304750",-1.21374804133189,0.0211666666666669,0.00194444444444446,0.0221666666666663,0.00661111111111128
"035362",-1.13885579031461,0.112722222222222,0.0316666666666668,0.00244444444444442,0.00533333333333334
"273375",0.296353238263175,0.981777777777777,0.00500000000000005,0.534888888888888,0.986388888888889
"097744",0.975409055557087,0.999944444444444,0.881277777777778,0.996,0.999333333333333
"536756",-1.18758137562602,0.0312777777777774,0.0329444444444444,0.00694444444444435,0.00683333333333328
"881319",0.262797840859507,0.0278333333333331,0.996,0.9195,0.982111111111111
"545866",0.8774084221181,0.888444444444444,0.852055555555555,0.983611111111111,0.985888888888889
"694326",-0.917023453093087,0.000499999999999939,0.9205,0.0113333333333335,0.00683333333333339
"957762",-0.095944216242621,0.281166666666667,0.0239444444444446,0.794444444444443,0.706055555555556
"138501",-0.655855169304401,0.0660555555555557,0.593166666666667,0.547277777777778,0.0600555555555548
"053457",-0.773582645498557,0.0963333333333329,0.0408333333333334,0.0249444444444446,0.485555555555559
"307583",-0.145301330667857,0.00555555555555557,0.165777777777778,0.812111111111114,0.78922222222222
"789597",-0.051676563651877,0.0896111111111111,0.00216666666666668,0.94838888888889,0.7995
"706848",-0.0085822294194667,0.125277777777777,0.00405555555555561,0.946555555555556,0.831944444444444
"828021",0.171467206800793,0.389388888888886,0.115888888888888,0.922888888888888,0.881333333333335
"587613",-0.0163088676042598,0.573222222222221,0.0597222222222222,0.549333333333334,0.798444444444446
"517666",0.215805642326317,0.458000000000001,0.288222222222221,0.864277777777778,0.858611111111112
"985351",-0.493334788668327,0.00933333333333299,0.550000000000002,0.232055555555554,0.588166666666667
"275256",0.996378584061649,1,0.998611111111111,0.955666666666667,0.999833333333333
"272947",-1.17634000923436,0.0457222222222221,0.00238888888888886,0.0570000000000001,0.00866666666666672
"297132",1.02563758956578,0.999666666666667,0.991277777777778,0.990888888888889,0.998666666666667
"406082",-0.368314836505065,0.874666666666665,0.0263333333333332,0.18277777777778,0.351111111111107
"616613",-1.18840392424702,0.0286111111111111,0.0325000000000002,0.00216666666666668,0.0051666666666667
"166514",-1.13887795820112,0.00544444444444439,0.0679999999999997,0.0855555555555552,0.00883333333333338
"731933",-1.16139768496616,0.0322222222222222,0.0681111111111109,0.0115555555555555,0.0146666666666666
"364484",-1.22362169716299,0.0207222222222223,0.00200000000000013,0.00355555555555546,0.00800000000000022
"802138",-0.698830226403291,0.0120000000000001,0.51072222222222,0.00677777777777778,0.491055555555552
"217799",0.901682889902035,0.904166666666666,0.953,0.959944444444445,0.991055555555556
"227430",-0.568693337740513,0.163555555555556,0.00344444444444446,0.853555555555555,0.0310555555555558
"698860",-1.08316983369156,0.0191666666666666,0.0703333333333339,0.18838888888889,0.0112222222222222
"589654",0.0903465295117483,0.923833333333333,0.00805555555555534,0.313055555555555,0.955666666666667
"309352",-0.51574473610396,0.171277777777778,0.143111111111111,0.242166666666668,0.60572222222222
"353023",-0.81938662091774,0.0417777777777784,0.00133333333333334,0.0312222222222222,0.482444444444445
"517957",1.01317024885443,0.999777777777778,0.984388888888889,0.996555555555556,0.999888888888889
"725778",-0.873381677781722,0.102166666666667,0.00249999999999998,0.457555555555554,0.0172222222222219
"177317",-0.167245695966534,0.0383888888888888,0.0528333333333332,0.803888888888887,0.757555555555556
"971169",0.453184008851454,0.81011111111111,0.00105555555555555,0.9825,0.943222222222221
"547906",0.41167867117481,0.730388888888892,0.000166666666666679,0.978555555555556,0.948055555555556
"350690",-0.58311593355537,0.0427777777777777,0.0466666666666665,0.329055555555555,0.559277777777777
"170812",-0.58516523079546,0.0287222222222225,0.00322222222222229,0.317000000000002,0.593222222222222
"500749",0.97582581391111,0.999833333333333,0.999777777777778,0.972111111111111,0.981777777777777
"591487",0.760668916296269,0.999944444444444,0.413333333333333,0.961888888888889,0.998333333333333
"601495",0.924314312687786,0.894888888888889,0.983388888888889,0.995444444444444,0.996111111111111
"351710",0.997730718388442,1,0.972277777777778,0.972777777777778,1
"505294",0.386890380022544,0.995722222222222,0.998388888888889,0.541277777777777,0.624222222222223
"881098",-1.18598341625932,0.0456666666666661,0.0606111111111111,0.00105555555555558,0.0055000000000003
"325532",0.130856413444089,0.00188888888888891,0.924333333333333,0.92761111111111,0.829444444444444
"788606",0.98779332218738,0.999888888888889,0.995388888888889,0.951277777777778,0.999833333333333
"561258",-0.00378994106916255,0.122833333333334,0.026833333333333,0.950777777777778,0.823722222222224
"160449",-0.477619014076511,0.0228888888888885,0.208111111111111,0.368000000000001,0.62988888888889
"182239",-0.746132443434118,0.00233333333333326,0.334722222222222,0.00538888888888886,0.487500000000001
"327517",-0.816423158543209,0.0120555555555556,0.397777777777779,0.00100000000000004,0.377888888888888
"420862",0.616414974468091,0.92111111111111,0.181000000000001,0.9905,0.994166666666667
"404193",0.552610155516523,0.977166666666667,0.00027777777777774,0.948222222222223,0.991888888888889
"520070",-1.20554299783193,0.0488333333333333,0.00361111111111109,0.00383333333333331,0.00555555555555542
"485844",0.183366548224741,0.00272222222222218,0.987833333333333,0.891277777777777,0.933055555555556
"903042",0.431768171843188,0.461777777777777,0.51138888888889,0.976444444444445,0.921277777777779
"958859",0.0179582675187589,0.84361111111111,0.0262222222222222,0.262500000000001,0.914722222222221
"221040",-0.997432208119973,0.127,0.468444444444445,0.00755555555555569,0.00661111111111131
"385649",0.0265392470464508,0.173722222222222,0.00127777777777781,0.956055555555555,0.842222222222223
"365182",0.59713554396664,0.998,0.0029444444444444,0.992,0.998444444444444
"643877",-0.868998599738482,0.0296111111111111,0.0496666666666665,0.000388888888888902,0.429722222222222
"232499",-0.874092278411217,0.0207777777777781,0.9205,0.0245555555555557,0.0287777777777784
"529885",-1.22388225985353,0.020388888888889,0.00183333333333334,0.00144444444444443,0.00666666666666659
"037487",-0.0337910123008862,0.993277777777778,0.00833333333333322,0.0157777777777776,0.989333333333333
"848556",-0.788109802661664,0.202555555555556,0.934000000000001,0.0507222222222226,0.00344444444444437
"787418",0.994620379827292,1,0.993722222222222,0.979944444444445,0.999777777777778
"626573",-1.23645733876927,0.00744444444444427,0.00166666666666669,0.00372222222222214,0.00544444444444443
"439746",0.990462191661231,1,0.995944444444444,0.977611111111111,0.999944444444444
"781038",1.02696218947349,0.999944444444444,0.999944444444444,0.996333333333333,1
"744843",0.678616059314255,0.5475,0.995055555555555,0.989277777777778,0.992166666666667
"570670",1.01447519917349,1,0.992833333333333,0.995944444444444,0.9995
"568845",0.753251908785642,0.999055555555556,0.998888888888889,0.678611111111112,0.995166666666667
"766322",-0.769490088669209,0.648944444444444,0.0823333333333335,0.0857222222222225,0.0102777777777777
"066116",-0.414989189640841,0.0545555555555564,0.661222222222223,0.887444444444444,0.0944444444444448
"380685",-0.554771734776654,0.00422222222222222,0.415611111111113,0.324055555555554,0.497222222222222
"206425",0.193847766972663,0.00250000000000002,0.860666666666666,0.975777777777778,0.928222222222223
"518319",-1.17467897323811,0.00272222222222217,0.0316666666666668,0.0577777777777778,0.00716666666666676
"253228",0.187216653451958,1,0.900777777777779,0.0331666666666658,0.983944444444444
"446139",-1.08239913669325,0.0281111111111105,0.475722222222221,0.00122222222222221,0.00361111111111112
"897822",-1.20495434207086,0.00761111111111125,0.0598888888888891,0.00566666666666677,0.00700000000000009
"296869",0.382902711051402,0.787166666666668,0.976,0.978277777777778,0.498277777777779
"563581",-1.17476280185724,0.0336666666666669,0.0593888888888889,0.00611111111111106,0.00638888888888883
"881090",-0.028850035376851,0.0464444444444446,0.287388888888889,0.955722222222223,0.753999999999999
"842130",0.624611531843472,0.980833333333333,0.566166666666669,0.965166666666667,0.773777777777776
"023489",0.979778945158779,0.955166666666666,0.996111111111111,0.996222222222222,0.9995
"273269",0.494428997749115,0.930222222222223,0.0293333333333331,0.916388888888889,0.955388888888888
"194935",-0.579035568583851,0.663222222222222,0.0149444444444444,0.482055555555555,0.00988888888888855
"841513",-0.569822990142073,0.961777777777779,0.342777777777777,0.00994444444444432,0.00216666666666668
"828966",-0.422198263731077,0.160777777777776,0.9545,0.648444444444445,0.0951111111111122
"124926",0.306869875581819,0.242555555555556,0.961166666666668,0.82938888888889,0.93211111111111
"113558",1.00349448625876,1,1,0.982111111111111,0.999888888888889
"189599",-1.02762070135185,0.12805555555555,0.44594444444444,0.00133333333333337,0.00427777777777776
"596325",0.438658411829769,0.739388888888892,0.0665555555555556,0.982722222222222,0.945333333333333
"794501",-0.843174364964893,0.00350000000000008,0.930055555555556,0.00977777777777768,0.0908888888888886
"377860",-1.07591047098066,0.0907222222222224,0.351166666666664,0.0151111111111113,0.00444444444444456
"878393",-0.756655003402414,0.241277777777777,0.0417777777777777,0.0184444444444444,0.403388888888889
"285557",0.223534975955901,0.999944444444444,0.999944444444444,0.0389444444444444,0.999777777777778
"627214",0.959147816381344,0.992222222222222,0.879611111111112,0.994277777777778,0.998388888888889
"556351",1.01787344444991,1,0.999555555555556,0.996055555555556,0.999888888888889
"568526",0.626135572789752,0.526333333333333,0.948777777777778,0.989222222222222,0.991
"414003",-0.111644325885271,0.203888888888889,0.1505,0.762333333333333,0.733
"369821",-0.845922287047276,0.00649999999999991,0.00188888888888894,0.00522222222222225,0.469833333333335
"379116",1.02938636663672,1,0.9985,0.996611111111111,0.999666666666667
"757829",0.0814559371396728,0.387888888888888,0.00127777777777779,0.835888888888889,0.839222222222224
"747831",-0.830815611601661,0.193555555555552,0.908888888888889,0.00155555555555557,0.00272222222222217
"379921",0.758176850357265,0.999444444444444,0.715222222222222,0.813388888888888,0.999166666666667
"212550",0.349951488063406,0.472333333333332,0.888888888888891,0.775388888888888,0.851444444444448
"130090",-0.837061636306528,0.0113333333333335,0.0437222222222223,0.0281666666666664,0.457777777777777
"027278",-0.045561642883757,0.059388888888889,0.122111111111111,0.943333333333332,0.797055555555557
"444948",1.02188398612965,0.982333333333334,0.999333333333333,0.996055555555556,0.998444444444444
"552033",-0.883713707885101,0.00844444444444442,0.925111111111111,0.0260555555555558,0.0309444444444447
"789371",-0.8390740586978,0.288111111111114,0.0322777777777779,0.369833333333334,0.0116111111111111
"342406",0.32295633256328,0.406055555555557,0.553777777777778,0.966944444444445,0.829
"705932",0.224477481462001,0.998833333333333,0.996888888888889,0.975500000000001,0.191722222222221
"039517",-0.824392040923945,0.0063888888888888,0.0247777777777775,0.0920000000000002,0.463722222222223
"196274",0.125216758534424,0.0550000000000002,0.959055555555556,0.860333333333333,0.805666666666666
"953340",-0.168121892013891,0.039722222222222,0.162611111111111,0.783722222222221,0.765444444444444
"279690",-1.1274920894845,0.0467222222222225,0.0017222222222222,0.134444444444444,0.00833333333333356
"637866",-0.763219494560851,0.504944444444443,0.00538888888888882,0.293055555555557,0.0096111111111112
"321974",1.01372626526265,0.998833333333333,0.957111111111111,0.995888888888889,0.999833333333333
"176695",0.99741894291063,0.997055555555555,0.991444444444444,0.995833333333333,0.999944444444444
"981437",-0.0540015141509782,0.0636666666666667,0.0247777777777773,0.9495,0.821333333333335
"750676",1.00620014024405,0.999555555555556,0.998611111111111,0.996611111111111,0.999888888888889
"098301",-1.20107652150018,0.0325555555555555,0.0306666666666669,0.0131111111111108,0.00616666666666654
"878452",-0.842790620968747,0.0183888888888889,0.0267222222222221,0.534944444444443,0.0221111111111119
"626673",0.199035092428957,0.94411111111111,0.961055555555556,0.0623888888888881,0.984555555555555
"558975",0.0494266910808529,0.227666666666668,0.596444444444445,0.807277777777776,0.746888888888888
"402662",-0.915187599349459,0.498055555555551,0.00155555555555556,0.0220000000000007,0.00416666666666666
"691719",-0.417224930825204,0.156611111111111,0.0242222222222221,0.421611111111113,0.647833333333332
"323382",0.276272925610503,0.0350555555555554,0.953388888888889,0.980666666666667,0.977500000000001
"431877",-0.226931321167098,0.0741111111111128,0.988944444444445,0.0426111111111112,0.925111111111111
"622757",-1.04029989655594,0.0168333333333335,0.480944444444443,0.0297222222222221,0.00588888888888883
"322995",-0.721990097593485,0.036055555555555,0.404277777777777,0.096333333333333,0.405666666666669
"394485",0.866949987803056,0.881222222222222,0.823,0.994055555555556,0.991722222222222
"682804",-1.19174354833829,0.00238888888888884,0.0699999999999998,0.0102777777777778,0.0129999999999993
"268243",0.938317068839844,0.993222222222222,0.862,0.9895,0.998166666666667
"604715",-1.14775807715825,0.0831111111111123,0.00216666666666668,0.0331666666666669,0.00794444444444448
"354481",-0.523416802271898,0.413666666666664,0.0289444444444443,0.0200555555555555,0.664166666666666
"160667",-0.59921288107874,0.00827777777777773,0.62027777777778,0.563055555555554,0.168111111111111
"748469",1.00438832930033,1,0.9985,0.980333333333333,1
"477052",-0.0169106701996551,0.593944444444443,0.0314444444444441,0.530944444444442,0.797222222222225
"498268",-0.433231524634988,0.132500000000001,0.952444444444444,0.678944444444444,0.064777777777778
"056187",-1.18014840037289,0.0245000000000002,0.0314444444444445,0.0342777777777779,0.00727777777777761
"818446",1.01822264786785,0.999944444444444,0.9995,0.982277777777778,0.999944444444444
"390111",0.764824949286101,0.9995,0.375722222222222,0.983388888888889,0.999277777777778
"638751",0.156301205473338,0.186833333333334,0.928,0.615333333333333,0.943277777777777
"926743",-0.850295508706865,0.00483333333333307,0.929222222222222,0.00100000000000005,0.0831111111111115
"638886",1.03068188786586,0.999777777777778,0.999944444444444,0.995777777777778,0.999944444444444
"011173",-0.382714646378741,0.335277777777779,0.962,0.667999999999998,0.029611111111111
"560197",0.559968316240957,0.936944444444445,0.00394444444444439,0.99,0.989666666666667
"051245",-0.0841847582506058,0.0119444444444444,0.0155000000000003,0.946222222222222,0.820777777777778
"754957",-1.10807420776055,0.0138888888888887,0.0744444444444448,0.138500000000001,0.00861111111111127
"037908",0.319676856422227,0.0932222222222211,0.954222222222223,0.982277777777778,0.976555555555556
"246949",-0.82502209031632,0.0935555555555564,0.00166666666666667,0.0115000000000001,0.447222222222222
"000994",0.26761617529995,0.079277777777778,0.949333333333333,0.902666666666668,0.968666666666666
"794515",0.548764890573122,0.998777777777778,0.0125555555555555,0.896611111111111,0.998444444444444
"954763",0.0751203677517336,0.370166666666666,0.0425555555555556,0.961499999999999,0.744166666666667
"241491",0.47012471478765,0.394444444444444,0.967277777777778,0.859222222222221,0.983666666666667
"142994",-1.10076235965656,0.219444444444445,0.0253333333333332,0.000722222222222273,0.00461111111111112
"758635",-0.698051493138321,0.0691111111111107,0.00355555555555552,0.704055555555555,0.0263333333333331
"497306",-0.0812001120443875,0.00327777777777768,0.00211111111111133,0.944611111111111,0.818277777777777
"217337",-0.751589579023624,0.470277777777782,0.127611111111112,0.307777777777779,0.00772222222222226
"023698",0.989976629089609,0.998666666666667,0.950166666666666,0.989888888888889,0.997444444444444
"664029",0.990359589306768,0.999944444444444,0.965888888888889,0.988833333333333,0.999888888888889
"406854",0.0206376665463898,0.561111111111109,0.0548888888888883,0.818222222222222,0.647944444444445
"072160",-0.421759113869182,0.0100555555555556,0.00350000000000002,0.553166666666665,0.656777777777779
"644513",-1.18396493328829,0.00716666666666674,0.0658888888888888,0.0271111111111111,0.00672222222222221
"896075",0.959192724171583,0.999888888888889,1,0.904888888888889,0.998111111111111
"454851",1.00046595629427,0.974777777777778,0.990833333333333,0.977055555555556,0.998722222222222
"578536",-0.210047447091016,0.0110000000000003,0.0613333333333332,0.789444444444445,0.752888888888888
"247283",-0.0643631022831082,0.170333333333334,0.905666666666667,0.277722222222221,0.907388888888889
"058846",1.0224238686399,0.999111111111111,0.9995,0.990888888888889,0.998611111111111
"587984",-0.410464531774151,0.00400000000000001,0.911833333333333,0.896388888888889,0.0393888888888888
"467868",0.934750559597,0.975944444444445,0.9845,0.969944444444445,0.940666666666667
"865473",-1.2271958634819,0.00744444444444448,0.00266666666666672,0.00950000000000018,0.00627777777777782
"266070",1.03697150399976,0.999944444444444,0.999611111111111,0.996444444444445,0.999944444444444
"682165",0.910884036155975,0.999777777777778,0.793666666666667,0.92488888888889,0.999388888888889
"662149",1.01595554417058,1,0.9995,0.979333333333334,1
"438544",-0.730319897810358,0.0195555555555554,0.384555555555558,0.557777777777779,0.0273888888888889
"377211",-0.266715786928024,0.0856666666666655,0.536111111111111,0.471055555555559,0.683888888888888
"772782",-0.558947794564959,0.167333333333334,0.00366666666666663,0.856611111111112,0.0287777777777778
"550334",-1.12352752922577,0.167611111111109,0.027,0.0129444444444443,0.00527777777777782
"030616",-0.803253903512694,0.00683333333333325,0.385444444444444,0.00116666666666662,0.386944444444446
"626383",0.468166993541794,0.366777777777776,0.839111111111111,0.980999999999999,0.956277777777777
"061353",0.1292039142564,0.483,0.0498333333333335,0.810444444444445,0.839111111111111
"161893",-1.21506493554852,0.0214444444444444,0.029777777777778,0.00149999999999996,0.00555555555555557
"587523",-1.14940312568305,0.00938888888888886,0.00194444444444443,0.129277777777778,0.00955555555555524
"498370",-0.790257003921838,0.0832777777777772,0.0215555555555554,0.0365555555555556,0.454722222222224
"592325",-0.451283942674196,0.149222222222223,0.00144444444444445,0.384333333333335,0.637833333333334
"055512",-0.666002838245053,0.154722222222223,0.0187222222222223,0.128722222222222,0.546055555555556
"474182",-1.12332080388907,0.0356111111111104,0.0023333333333333,0.150999999999999,0.00972222222222224
"657778",-0.517519703024664,0.594055555555557,0.0364444444444445,0.519444444444444,0.116
"600459",0.9398588846798,0.994333333333333,0.949666666666667,0.974222222222222,0.948111111111111
"008702",0.25050698032781,0.427499999999996,0.982888888888889,0.959611111111111,0.519444444444443
"478120",0.981953738658675,0.982222222222222,0.998722222222222,0.971055555555556,0.998333333333333
"059036",0.761733898363191,0.991222222222222,0.43538888888889,0.991722222222222,0.967666666666667
"677808",-0.848044919108907,0.0553333333333334,0.00149999999999997,0.0121666666666666,0.452388888888888
"306043",0.987581694346786,0.997222222222222,0.999777777777778,0.977166666666667,0.995444444444444
"095449",-0.110156662305294,0.966722222222222,0.00100000000000007,0.00483333333333323,0.864277777777778
"315209",-1.1893396956617,0.00705555555555553,0.0650555555555558,0.000222222222222213,0.00755555555555564
"590523",-0.191979020994166,0.919555555555556,0.867055555555558,0.648888888888891,0.00427777777777786
"751388",-1.07288552807048,0.0110000000000002,0.480333333333333,0.00161111111111118,0.00372222222222217
"577035",0.0363166580314572,0.453833333333333,0.0164999999999997,0.899833333333333,0.698722222222223
"029809",0.999579744508555,0.997777777777778,0.995,0.988833333333333,0.993444444444445
"542538",-0.742331987386106,0.0232777777777776,0.800611111111112,0.014888888888889,0.297333333333335
"817369",-0.276637194929136,0.0192222222222224,0.0248333333333332,0.717555555555558,0.718388888888888
"053407",-0.50058357558136,0.0402777777777777,0.0517777777777778,0.40988888888889,0.597277777777779
"636589",-1.24352465139808,0.0207777777777783,0.0025555555555556,0.00361111111111112,0.00638888888888881
"038381",-1.15308013188983,0.0370555555555558,0.0610555555555558,0.030833333333333,0.00672222222222222
"713419",0.126536623345582,0.0170555555555554,0.985666666666667,0.777722222222221,0.909888888888889
"281801",0.384460040167324,0.208833333333334,0.999444444444444,0.923944444444444,0.975666666666666
"382577",-0.656225545651515,0.0152777777777778,0.592611111111111,0.552555555555555,0.0626111111111114
"078814",0.959625103433876,0.994611111111111,0.9535,0.993944444444444,0.9505
"853197",0.608233467856158,0.978055555555556,0.0757777777777777,0.990555555555556,0.996388888888889
"899380",1.03365273749858,1,0.999888888888889,0.997222222222222,0.999944444444444
"216251",0.590537356229907,0.997722222222222,0.0182777777777778,0.991555555555556,0.998777777777778
"114980",-0.637298426474327,0.0411111111111115,0.00327777777777767,0.830000000000001,0.0347222222222228
"082222",-0.674124913115457,0.396722222222221,0.0360000000000001,0.551611111111111,0.0134444444444445
"918965",0.992222323722024,0.999055555555556,0.921444444444445,0.995722222222222,0.984722222222223
"874673",0.661405260215224,0.973055555555557,0.214277777777778,0.989888888888889,0.969111111111111
"025828",1.00996541228209,0.999888888888889,0.999944444444444,0.978944444444445,0.999944444444444
"376654",0.959746551332073,1,0.981777777777777,0.934722222222223,0.999833333333333
"115386",0.898833484306157,0.998055555555555,0.997944444444445,0.874055555555555,0.999944444444444
"012199",0.512410381436109,0.326333333333333,0.9685,0.986111111111111,0.984444444444445
"562966",1.01736866124113,0.999833333333333,0.999611111111111,0.995666666666667,0.999722222222222
"410704",0.277559790535258,0.056277777777778,0.996055555555556,0.913666666666667,0.9835
"021112",1.0232565579614,1,0.995611111111111,0.996722222222222,0.999888888888889
"579627",0.297353282191121,0.163500000000001,0.93088888888889,0.881833333333334,0.955333333333333
"801558",-0.868416570467188,0.016,0.0038888888888889,0.496222222222223,0.0193333333333333
"683507",0.837244082127064,0.996666666666667,0.994055555555555,0.78111111111111,0.990888888888889
"885434",0.997615863082934,1,0.998388888888889,0.990833333333333,0.999888888888889
"570823",-0.829263691716695,0.00194444444444442,0.0811111111111116,0.0145555555555551,0.487555555555555
"082254",-0.545226339383044,0.638944444444442,0.962277777777777,0.0547222222222218,0.0636666666666664
"650996",1.02440769503483,1,0.999222222222222,0.990277777777778,0.999888888888889
"175084",-0.828118635974083,0.00822222222222225,0.92788888888889,0.104444444444445,0.0401111111111108
"604333",-0.475363320459435,0.600666666666666,0.941444444444445,0.0970555555555549,0.157999999999999
"245744",0.988771026679388,0.997277777777778,0.977722222222222,0.979388888888889,0.997222222222222
"758128",0.468016019428475,0.811222222222222,0.00950000000000006,0.984222222222222,0.9525
"182470",-0.567194491229706,0.00927777777777777,0.0256666666666669,0.335333333333332,0.584388888888887
"188971",0.32234240441156,0.468944444444443,0.419333333333339,0.974722222222222,0.901500000000001
"579138",0.156421433380671,0.926,0.998666666666667,0.0280000000000005,0.983944444444445
"976826",-1.20751243483747,0.00461111111111111,0.0323333333333332,0.0265000000000001,0.00544444444444438
"935374",0.970626545785893,1,0.999833333333333,0.9435,0.999722222222222
"036116",-0.0830915025422139,0.00816666666666662,0.00200000000000017,0.9445,0.816944444444444
"250369",-0.243681789108594,0.278277777777775,0.974444444444445,0.0969444444444439,0.727166666666667
"052343",0.943681305451263,0.98,0.934833333333334,0.972833333333333,0.977444444444445
"580528",0.881545914852256,0.994555555555556,0.951944444444445,0.992555555555556,0.885222222222222
"624022",0.231828105886444,0.0102222222222224,0.994888888888889,0.906055555555557,0.980111111111111
"422419",-0.601954051077703,0.0200555555555555,0.101444444444445,0.851388888888887,0.0317777777777785
"456157",0.582529128519152,0.999111111111111,0.0063888888888888,0.977611111111111,0.998888888888889
"570669",-0.684900169534648,0.300444444444447,0.00477777777777768,0.0538333333333334,0.42911111111111
"533168",-0.95461892892076,0.00861111111111114,0.505611111111114,0.174777777777778,0.00616666666666662
"554246",0.976182311433337,0.999444444444444,0.999444444444444,0.948666666666666,1
"101299",0.25391874375682,0.00455555555555573,0.954666666666666,0.982222222222222,0.978333333333333
"424211",-0.0541955091241991,0.75461111111111,0.855611111111112,0.0691111111111102,0.782277777777777
"074166",0.738355949387213,0.999388888888889,0.340500000000001,0.981722222222222,0.998222222222222
"986253",-0.795069941611905,0.0757777777777774,0.0483333333333341,0.55588888888889,0.0280000000000002
"555197",0.313856272795077,0.999944444444444,0.997777777777778,0.117611111111111,0.999444444444445
"285134",0.506408814721935,0.999,0.00205555555555555,0.862777777777776,0.998333333333333
"207192",0.596084084637211,0.991111111111111,0.000166666666666678,0.991888888888889,0.997833333333333
"967576",0.862806530950253,0.989055555555555,0.691388888888889,0.994166666666667,0.999611111111111
"635023",-0.755416888981728,0.0535555555555562,0.380388888888889,0.019277777777778,0.417111111111112
"377524",0.338937903465745,0.487555555555556,0.995166666666667,0.539444444444446,0.964166666666667
"367804",-0.84442151885767,0.0192222222222224,0.00172222222222221,0.031611111111111,0.459166666666666
"714196",0.896022242028042,0.838833333333335,0.976333333333333,0.993888888888889,0.9955
"338553",0.571933195961392,0.995722222222223,0.000333333333333351,0.9515,0.998111111111111
"423214",0.583919939108934,0.998888888888889,0.00555555555555522,0.991222222222222,0.998777777777778
"886014",0.277942732816352,0.0448888888888892,0.940388888888889,0.983666666666667,0.972833333333333
"636957",0.861265494991086,0.797999999999999,0.986833333333333,0.961555555555555,0.993666666666667
"448595",-1.23566368697537,0.00527777777777782,0.00238888888888892,0.0094444444444446,0.0070000000000001
"510823",0.374724949881878,0.23,0.855222222222221,0.981944444444445,0.948222222222222
"689060",-0.165814228334264,0.0614444444444446,0.00494444444444444,0.792388888888887,0.770166666666669
"451638",0.0539531069996269,0.0693888888888892,0.912166666666668,0.956944444444443,0.636666666666664
"470166",0.622927830576972,0.509611111111111,0.947444444444444,0.968166666666667,0.985333333333333
"936159",-0.240770983641985,0.300333333333336,0.643888888888889,0.252555555555556,0.660166666666665
"410333",-0.268602928235494,0.803277777777777,0.432333333333334,0.755277777777773,0.0121111111111114
"495668",-0.712472481926287,0.000888888888888858,0.8905,0.0385,0.294000000000001
"532372",-1.20356381255492,0.0332777777777775,0.0307222222222217,0.00200000000000006,0.00577777777777765
"093363",0.990576353470054,0.999888888888889,0.989555555555556,0.996222222222222,0.999222222222222
"729105",-0.0178147248969612,0.1705,0.022277777777778,0.894333333333333,0.822666666666669
"906883",0.818304266630434,0.991444444444444,0.646944444444445,0.937333333333332,0.997
"576406",-0.832744836950428,0.00638888888888879,0.00138888888888878,0.0376666666666668,0.467499999999999
"009767",-0.623401530140974,0.003,0.230722222222222,0.126111111111111,0.603166666666673
"930774",0.445624844713656,1,0.997777777777778,0.317444444444442,0.999722222222222
"386162",0.602254870729612,0.992277777777778,0.138055555555557,0.902722222222221,0.995388888888889
"548585",0.990707849507743,0.979722222222222,0.997833333333333,0.975833333333333,0.993777777777778
"788429",-0.849864313780322,0.0016111111111112,0.00227777777777776,0.028777777777778,0.46322222222222
"204518",-0.349960083629908,0.852000000000002,0.0298333333333336,0.717555555555555,0.0160000000000003
"659498",-0.476245283317245,0.356944444444442,0.0371666666666668,0.873333333333332,0.0243888888888886
"946251",1.01857288124388,1,0.997166666666667,0.996611111111111,0.999722222222222
"216136",-0.288547645864523,0.00400000000000005,0.988666666666667,0.00366666666666678,0.915944444444445
"636338",0.95759810659827,0.999166666666667,0.998944444444444,0.928944444444444,0.999944444444444
"670685",-1.213788416512,0.0223888888888888,0.00344444444444434,0.00183333333333342,0.00533333333333353
"896320",1.0147750804757,0.999722222222222,0.987777777777778,0.995833333333333,0.999222222222222
"822403",0.569114411205713,0.995888888888889,0.0302222222222219,0.950833333333333,0.997722222222222
"696806",0.814565935113924,0.997111111111111,0.994166666666667,0.744999999999999,0.999555555555556
"449291",-1.11098350920644,0.21338888888889,0.00350000000000007,0.0154444444444445,0.00550000000000012
"042281",-0.545126185247361,0.0297222222222223,0.0932777777777779,0.345055555555556,0.584944444444446
"742827",0.0198515926862012,0.220722222222223,0.00405555555555561,0.956,0.782111111111111
"445806",1.00476745697747,1,0.999944444444444,0.978833333333333,0.999055555555556
"333625",0.583173637499751,0.999888888888889,0.00255555555555562,0.9785,0.999166666666667
"497743",-1.0814133100288,0.0847777777777766,0.00216666666666668,0.148111111111111,0.00972222222222185
"869189",-0.791695506031927,0.0205555555555554,0.022666666666667,0.0698888888888881,0.476333333333333
"002427",0.211971148254105,0.0264444444444446,0.942555555555556,0.900277777777777,0.966722222222222
"122345",-1.09775805959857,0.00600000000000003,0.076166666666667,0.136722222222222,0.0133333333333335
"230800",-1.07962150038071,0.214388888888887,0.00200000000000003,0.0357777777777779,0.00516666666666664
"781703",-0.627110242525124,0.0086666666666667,0.00400000000000011,0.839888888888889,0.035555555555556
"180799",0.965712597717344,0.998166666666667,0.999,0.974555555555556,0.981166666666667
"660582",0.953255305542955,1,1,0.927611111111111,0.999944444444444
"644488",0.213995356751267,0.0452222222222226,0.961944444444444,0.973055555555556,0.857333333333332
"194808",-0.72545074007828,0.134777777777778,0.034611111111111,0.110333333333333,0.457555555555555
"438418",-0.439976925880403,0.0179444444444443,0.00322222222222238,0.507777777777773,0.649833333333333
"037048",-0.472451650672398,0.0281666666666665,0.431055555555557,0.384777777777782,0.523388888888889
"835506",0.0758183715453712,0.0937777777777774,0.648500000000001,0.917722222222222,0.802055555555556
"434679",1.01921998535123,1,0.997222222222222,0.996333333333333,0.999944444444444
"903973",0.807139538120919,0.996,0.86061111111111,0.828555555555556,0.964666666666667
"511603",-0.099357875273783,0.951333333333333,0.0922777777777775,0.498555555555556,0.42411111111111
"864389",-0.843563476834615,0.00144444444444443,0.033,0.030888888888889,0.459555555555556
"185934",0.983520434398302,0.997611111111111,0.940944444444445,0.975944444444445,0.998722222222222
"145494",0.0370240835781444,0.174444444444443,0.0141111111111111,0.953277777777778,0.839611111111111
"805187",0.619359935027472,0.999166666666667,0.0738333333333336,0.962722222222222,0.998666666666667
"575841",1.00625442655472,0.987277777777778,0.995222222222222,0.995777777777778,0.999833333333333
"375846",-1.20394182931661,0.0026666666666667,0.00205555555555553,0.0229444444444443,0.00733333333333326
"104795",0.949928872670712,0.986444444444444,0.997833333333333,0.971611111111111,0.960611111111111
"589194",0.124855033962644,0.268666666666666,0.0976666666666667,0.960388888888889,0.868277777777778
"522169",0.119995557939198,0.425444444444445,0.10661111111111,0.960888888888889,0.751333333333332
"729026",-0.929520347116669,0.400111111111112,0.00161111111111114,0.139833333333336,0.00744444444444444
"481397",0.153222694017999,0.382944444444448,0.395,0.923055555555555,0.790611111111112
"579779",0.713544662175891,0.649444444444447,0.994111111111111,0.934388888888888,0.974
"920699",0.989628913432112,0.997333333333333,0.997222222222222,0.954777777777777,0.999833333333333
"631612",-0.668165978714016,0.0185000000000002,0.560555555555557,0.611666666666667,0.014611111111111
"469756",-0.424298601229782,0.845222222222224,0.109333333333334,0.544166666666666,0.00961111111111103
"398808",1.00190928409301,1,0.999944444444444,0.978166666666667,1
"417087",0.964686640483951,0.975444444444444,0.94,0.988111111111111,0.999611111111111
"859916",-0.853841617582043,0.121833333333332,0.00238888888888883,0.469944444444442,0.0181111111111114
"144470",1.03757312962232,1,0.998722222222222,0.995388888888889,0.999944444444444
"545511",0.43488115996266,0.796444444444443,0.00477777777777772,0.959388888888889,0.941444444444446
"774391",0.559574709811422,0.920444444444446,0.0257777777777779,0.986833333333333,0.984222222222223
"429128",-1.17201116728379,0.00894444444444443,0.00266666666666664,0.0573333333333334,0.0087222222222222
"352599",0.496339998660735,0.979833333333333,0.989944444444444,0.595666666666665,0.752888888888888
"258786",0.20524536696144,0.0265555555555554,0.997388888888889,0.901999999999999,0.934888888888888
"630237",0.935705892232243,0.916722222222224,0.935,0.995222222222222,0.989722222222222
"141823",-0.576229204961995,0.00977777777777769,0.049111111111111,0.327277777777777,0.577333333333335
"766300",-1.09314985976322,0.146444444444446,0.0017777777777777,0.0708888888888891,0.00649999999999997
"208402",-1.18945872711478,0.0531666666666661,0.030388888888889,0.00144444444444444,0.00672222222222221
"382777",0.580646440845011,0.968111111111111,0.979444444444445,0.502777777777781,0.990777777777778
"803833",0.961212794691512,0.987388888888889,0.997444444444444,0.994944444444445,0.967555555555555
"267787",0.825828377077586,0.948944444444445,0.696944444444443,0.955722222222223,0.998277777777778
"141540",-0.235371955258705,0.019,0.00166666666666666,0.764277777777778,0.743055555555555
"742549",-0.253078530116144,0.0055,0.00155555555555558,0.75738888888889,0.744944444444441
"530201",0.570246470820976,0.998555555555556,0.00777777777777773,0.9515,0.998611111111111
"080682",0.642213208599598,0.965055555555555,0.180722222222222,0.992222222222222,0.992555555555556
"419466",0.599905427365602,0.999222222222222,0.000333333333333365,0.993277777777778,0.999055555555556
"701072",-0.259586020950714,0.196944444444445,0.0208333333333333,0.582777777777777,0.70672222222222
"934527",-0.756278748689523,0.570111111111106,0.0517222222222227,0.240555555555556,0.00805555555555531
"755379",-1.19493107867259,0.0582222222222219,0.030888888888889,0.0101111111111111,0.00511111111111119
"287010",0.971637473995412,0.967722222222222,0.998111111111111,0.945,0.999666666666667
"202277",0.568278844186145,0.999611111111111,0.000888888888888918,0.958166666666666,0.9985
"661923",0.231128159737062,0.0642222222222219,0.986722222222222,0.898777777777777,0.928888888888888
"032712",0.869569522114681,0.998944444444444,0.687888888888886,0.97,0.998
"693746",-0.80883826441971,0.0603888888888897,0.0643888888888889,0.524555555555555,0.0395000000000013
"849706",0.543613325719004,0.945888888888889,0.00583333333333331,0.989555555555556,0.967222222222222
"328916",0.247620880759443,0.597833333333335,0.000666666666666681,0.8805,0.884
"798486",0.972235454091955,0.999611111111111,0.964833333333333,0.996166666666667,0.999611111111111
"718815",0.788507470324332,0.917777777777777,0.999833333333333,0.817444444444443,0.941277777777778
"163403",0.0344164869156183,0.1845,0.00177777777777774,0.953277777777778,0.843555555555557
"960717",1.0420284937019,1,0.998333333333333,0.995666666666667,0.997888888888889
"441785",0.786391410904496,0.73272222222222,0.936166666666668,0.9795,0.9955
"068599",0.908793612799699,0.957,0.947666666666667,0.937388888888888,0.998277777777778
"162075",0.590010594523172,0.982833333333334,0.0731666666666669,0.976055555555556,0.972833333333333
"814747",1.00416206926098,0.999222222222222,0.9805,0.996611111111111,0.995777777777778
"505129",0.93046243687488,0.977111111111111,0.821722222222224,0.9875,0.992166666666667
"803503",0.525099100373601,0.57938888888889,0.586333333333335,0.948388888888889,0.926222222222222
"369714",1.00035712468542,0.999555555555556,0.993111111111111,0.995666666666667,0.999888888888889
"396911",-0.0546538504478326,0.215944444444444,0.0438888888888883,0.888388888888889,0.753499999999999
"030380",1.0445812968596,0.999611111111111,0.998,0.996777777777778,0.999944444444444
"859502",0.635281214662006,0.999944444444444,0.938333333333334,0.539055555555554,0.998944444444444
